 
 204786              
 
OGDEN DEVELOPMENT
9200 SUNSET BLVD
SUITE 700
LOS ANGELES, CALIFORNIA - 90069
ATTN:  ACCOUNTS PAYABLE
 
 
 204931              
 
ALL POWER MFG CO
400 ROOSEVELT AVENUE
MONTEBELLO, CALIFORNIA - 90640
ATTN:  DOUG DANIELSON
 
 
 204987              
 
TODD SHIPYARDS
710 N FRONT STREET
SAN PEDRO, CALIFORNIA - 90733
ATTN:  ROBERT W. ZEMKE
 
 
 205116              
 
G. PETERS
21535 HAWTHORNE BLVD - #410
TORRANCE, CALIFORNIA - 90503
 
 
 210209              
 
AMERICAN CEMENT
P O BOX 832
RIVERSIDE, CALIFORNIA   92502
ATTN:  CHARLES BUSH
 
 
 210213              
 
BECHTEL CORPORATION
TERMINAL ANNEX
PO BOX 60860
LOS ANGELES, CALIFORNIA - 90060
ATTN:  ACCOUNTS PAYABLE
 
 
 210214              
 
MCDONNELL DOUGLAS AUTOMATION
BUSINESS OPERATIONS (WEST)
5301 BOLSA AVENUE
HUNTINGTON BEACH, CALIFORNIA   92647
ATTN:  ACCOUNTS PAYABLE
 
 
 210238              
 
GENERAL DYNAMICS - CONVAIR
5001 KEARNEY VILLA ROAD
SAN DIEGO, CALIFORNIA
ATTN:  ACCOUNTS PAYABLE
 
 
 210251              
 
KAISER STEEL CORPORATION
P.O. BOX 217
FONTANA, CALIFORNIA 92335
 
 
 210440              
 
ARTHUR YOUNG & COMPANY
110 WEST A STREET
SAN DIEGO, CALIFORNIA   92101
ATTN:  ACCOUNTS PAYABLE
 
 
 210448              
 
DANA LABS
2401 CAMPUS DRIVE
NEWPORT BEACH, CALIFORNIA
ATTN:  DAVE PRATT
 
 
 210449              
 
ELECTRA-SCIENTIFIC
DIVISION OF GULTON INDUSTRIES
300 SOUTH STATE COLLEGE BLVD.
FULLERTON, CALIFORNIA
ATTN:  ACCOUNTS PAYABLE
 
 
 210477              
 
IRVINE COMPANY
550 NEWPORT CENTER DRIVE
NEWPORT, CALIFORNIA 
ATTN: H. WOLOSON
 
 
 210479              
 
LING ELECTRONICS
1615 SOUTH MANCHESTER
ANAHEIM, CALIFORNIA 92803
ATTN: ACCOUNTS PAYABLE
 
 
 210499              
 
VARIAN
2722 MICHELSON
IRVINE, CALIF.
ATTN: ACCOUNTS PAYABLE
 
 
 210509              
 
BECKMAN INSTRUMENTS
2500 NORTH HARBOR BLVD
FULLERTON, CALIFORNIA
ATTN:  ACCOUNTS PAYABLE
 
 
 210524              
 
ARTHUR YOUNG & COMPANY
110 A STREET SUITE 1400
SAN DIEGO, CALIFORNIA   92101
ATTN:  ACCOUNTS PAYABLE
 
 
 210707              
 
WYLE LABS
1841 HILLSIDE
NORCO, CALIFORNIA
ATTN:  ACCOUNTS PAYABLE
 
 
 210763              
 
GULF ENERGY AND ENVIRONMENTAL SYSTEMS
P O BOX 608
SAN DIEGO, CALIFORNIA
ATTN:  ACCOUNTS PAYABLE
 
 
 210831              
 
INTERSTATE ELECTRONICS CORP
707 E VERMONT
ANAHEIM, CALIFORNIA - 92803
ATTN:  J. VONLANDINGHAM
 
 
 211060              
 
JO-JO'S RESTAURANTS
120 MCPHERSON STREET
ORANGE, CALIFORNIA 
ATTN:  JEFF WELLS
 
 
 211064              
 
GENERAL DYNAMICS
1675 W MISSION BLVD
POMONA, CALIFORNIA
ATTN:  ACCOUNTS PAYABLE
 
 
 211302              
 
RIVERSIDE COUNTY PUBLISHING
4745 HIERS ST.
RIVERSIDE, CALIFORNIA 92505
 
 
 211462              
 
STEVE BACHMANN & ASSOCIATES
127 VIRGINIA PLACE
COSTA MESA, CALIFORNIA   92627
ATTN:  ACCOUNTS PAYABLE
 
 
 211487              
 
LARWIN-SAN DIEGO
9100 WILSHIRE BLVD.
BEVERLY HILLS, CALIFORNIA
ATTN: ACCOUNTS PAYABLE
 
 
 211499              
 
LOWRY ENGINEERING
DR. JAN SCHERFIG
121 E. WASHINGTON
SANTA ANA, CALIFORNIA 92701
 
 
 211506              
 
IRVINE RANCH WATER DISTRICT
4201 CAMPUS DRIVE
IRVINE, CALIFORNIA 92664
ATTN: ACCOUNTS PAYABLE
 
 
 211525              
 
DOUGLAS AIRCRAFT
3855 LAKEWOOD BLVD
LONG BEACH, CALIFORNIA
ATTN:  ACCOUNTS PAYABLE
 
 
 211555              
 
NATIONAL EQUIPMENT RENTAL
FOR EAGLE DEVELEPMENT
PO BOX 3473 N. NEWHYDE PARK
NEW YORK, NEW YORK 11040
 
 
 211579              
 
ASTRODATA, INC
270 E PALAIS ROAD
ANAHEIM, CALIFORNIA - 92803
ATTN:  BILL KONVALINKA
 
 
 211605              
 
NAVAL UNDERSEA R & D CENTER
3202 EAST FOOTHILL BLVD.
PASADENA, CALIFORNIA
ATTN:  ACCOUNTS PAYABLE
 
 
 211617              
 
ELECTRO OPTICAL SYSTEMS
600 EAST BONITA
POMONA, CALIFORNIA
M/S 2612
ATTN:   ACCOUNTS PAYABLE
 
 
 211723              
 
HEWLETT-PACKARD
1430 E. ORANGETHORPE
FULLERTON, CALIF.
ATTN: OLEN MORAINE
 
 
 211948              
 
UNIVERSITY OF CALIFORNIA AT IRVINE
P O BOX CA
IRVINE, CALIFORNIA   92664
ATTN:  ACCOUNTS PAYABLE
 
 
 211950              
 
AUTOMOTIVE ENVIRONMENTAL SYSTEMS
7300 BOLSA AVENUE
WESTMINSTER, CALIFORNIA
ATTN:  DON OHNSTAD
 
 
 212003              
 
LING ELECTRONICS
1515 S. MANCHESTER BLVD.
ANAHEIM, CALIF. 92805
 
 
 212012              
 
GENERAL DYNAMICS
P.O. BOX 2507
POMONA, CALIFORNIA 91766
ATTN: BEN MCMILLAN
 
 
 212082              
 
GULF ENERGY & ENVIRONMENTAL SYSTEMS
P O BOX 608
SAN DIEGO, CALIFORNIA
ATTN:  ACCOUNTS PAYABLE
 
 
 212171              
 
CENTURY DATA SYSTEMS
1270 NORTH KRAMER BLVD.
ANAHEIM, CALIFORNIA 92806
ATTN: BILL MILLER
 
 
 212198              
 
INTERSTATE ELECTRONICS CORP
707 E VERMONT
ANAHEIM, CALIFORNIA - 92803
ATTN:  ACCOUNTS PAYABLE
 
 
 212210              
 
NARVOL HANSEN
11827 TIGRINA
WHITTIER, CALIFORNIA
ATTN:  ACCOUNTS PAYABLE
 
 
 212215              
 
LOWRY ENGINEERING
121 E WASHINGTON
SANTA ANA, CA. 92701
 
 
 212227              
 
ELPAC
18651 VON KARMEN
IRVINE, CALIFORNIA   92664
ATTN:  ACCOUNTS PAYABLE
 
 
 212801              
 
DIVERSIFIED COMMUNITIES
359 SAN MIGUEL
NEWPORT BEACH, CALIFORNIA
ATTN:  ACCOUNTS PAYABLE
 
 
 212821              
 
THE IRVINE COMPANY
550 NEWPORT CENTER DR.
NEWPORT BEACH, CA.  92660
 
 
 212832              
 
NATIONAL EQUIPMENT RENTAL
P.O. BOX 3473
N. NEWHYDE PARK
NEW YORK, NEW YORK 11040
 
 
 212845              
 
INFORMATION SYSTEMS
4855 RUFFNER STREET
SAN DIEGO, CALIFORNIA
ATTN:  ACCOUNTS PAYABLE
 
 
 212855              
 
TO CA COMM
2454 EAST WALNUT AVENUE #D
FULLERTON, CALIFORNIA
ATTN:  DON PRATT
 
 
 212858              
 
E. L. YEAGER
1995 AUQUA MANSA ROAD
RIVERSIDE, CALIFORNIA
ATTN:  ACCOUNTS PAYABLE
 
 
 212859              
 
ARROWHEAD ENGINEERING
598 NORTH F STREET
SAN BERNADINO, CALIFORNIA
ATTN:  BOB SMITH
 
 
 212867              
 
ORANGE COUNTY PLANNING
211 W SANTA ANA BLVD
SANTA ANA, CALIFORNIA - 92702
ATTN:  ACCOUNTS PAYABLE
 
 
 212876              
 
OMEGA MANAGEMENT ASSOCIATION
3163 REDHILL
COSTA MESA, CALIFORNIA
ATTN:  DON HARSIN
 
 
 212878              
 
LINKLETTER ENTERPRISES
2192 DUPONT   SUITE 204
IRVINE, CALIFORNIA
ATTN: ACCOUNTS PAYABLE
 
 
 213001              
 
ARTHUR ANDERSON & COMPANY
SUITE 500   
1666 NORTH MAIN STREET
SANTA ANA, CALIFORNIA
ATTN:  ACCOUNTS PAYABLE
 
 
 213082              
 
DRAGON VALVES INC
13457 EXCELSIOR DRIVE
NORWALK, CALIFORNIA  90650
ATTN: TOM DEAN
 
 
 213086              
 
IMPERIAL CORPORATION OF AMERICA
2320 5TH AVENUE
SAN DIEGO, CALIFORNIA
ATTN:  ACCOUNTS PAYABLE
 
 
 213090              
 
SINGER GENERAL PRECISION
1370 ENCINITAS ROAD
SAN MARCOS, CALIFORNIA   92069
ATTN:  ACCOUNTS PAYABLE
 
 
 213605              
 
ORANGE COUNTY SHERIFFS DEPARTMENT
550 NORTH FLOWER STREET
SANTA ANA, CALIFORNIA
ATTN:  ACCOUNTS PAYABLE
 
 
 213606              
 
PHILCO-FORD AERONEUTRONICS
FORD ROAD
NEWPORT BEACH, CALIF.
ATTN: KEN PLITT
 
 
 213607              
 
FLEETWOOD ENTERPRISES
P.O. BOX 7638
RIVERSIDE, CALIFORNIA
ATTN: ACCOUNTS PAYABLE
 
 
 213609              
 
KAISER STEEL CORPORATION
P.O. BOX 217
FONTANA, CALIFORNIA  92335
ATTN: ACCOUNTS PAYABLE
 
 
 213613              
 
WILLIAM R. WOOD
17905 SKYPARK BLVD.
IRVINE, CALIFORNIA 92664
 
 
 213618              
 
B.A. BERKUS ASSOCIATES
2082 BUSINESS DRIVE
IRVINE, CALIFORNIA  92664
ATTN: ACCOUNTS PAYABLE
 
 
 213619              
 
KAMMEYER ASSOC
3616 MAIN ST. SUITE 303
RIVERSIDE, CALIFORNIA
ATTN: CAL KAMMEYER
 
 
 214093              
 
H.D. DEVELOPMENT
P.O. BOX 1101
RANCHO SANTA FE, CALIF.
ATTN: ACCOUNTS PAYABLE
 
 
 214228              
 
IRVINE RANCH WATER DISTRICT
4201 CAMPUS DRIVE
IRVINE, CALIF.
ORDERED BY SHALLOW
 
 
 214256              
 
PRESS ENTERPRISE
3512 14TH ST.
RIVERSIDE, CALIF.
 
 
 214309              
 
RODGERS & HALL, CPA
3638 UNIVERSITY AVENUE
SUITE 236
RIVERSIDE, CALIFORNIA - 92501
ATTN:  RAY RODGERS
 
 
 214621              
 
IRVINE COMPANY
550 NEWPORT CENTER DRIVE
NEWPORT BEACH, CALIFORNIA  92660
ATTN:  H. WOLOSON
 
 
 214622              
 
GULF ENERGY & ENVIRONMENTAL SYSTEMS
P.O. BOX 81608
SAN DIEGO, CALIF. 92138
ATTN: FRANK OWNE - FUEL OPERATINS DEPT.
 
 
 214623              
 
GENERAL DYNAMICS
PO BOX 81127
SAN DIEGO, CALIFORNIA - 92138
ATTN:  ACCOUNTS PAYABLE
 
 
 214624              
 
GENERAL DYNAMICS
P. O. BOX 81127
SAN DIEGO, CALIFORNIA  92138
ATTN:  ACCOUNTS PAYABLE
 
 
 214626              
 
ARTHUR YOUNG & COMPANY
888 NORTH MAIN STREET
SANTA ANA, CALIFORNIA
ATTN:  JIM LESIEUR
 
 
 214718              
 
NORTH AMERICAN ROCKWELL
PO BOX 3669
ANAHEIM, CALIF. 92803
 
 
 214731              
 
CONTINENTAL TELEPHONE
16071 MOJAVE DR.
VICTORVILLE, CALIF.
 
 
 214924              
 
DIAMOND BAR REALESTATE
230 SOUTH DIAMOND BAR BLVD.
DIAMOND BAR, CALIF. 91765
ATTN: REX REASON
 
 
 214986              
 
MONITRON, INC
1919 S SUSAN
SANTA ANA, CALIFORNIA - 92704
ATTN:  ACCOUNTS PAYABLE
 
 
 224100              
 
LITTON BUSINESS MACHINES
500 MACARA
SUNNYVALE, CALIFORNIA
ATTN:  ACCOUNTS PAYABLE
 
 
 230000              
 
DEVELOPMENT RESEARCH ASSOCIATES
731 S. FLOWER STREET
LOS ANGELES, CALIFORNIA
ATTN: ACCOUNTS PAYABLE
 
 
 230013              
 
XEROX DATA SYSTEMS
122 SARATOGA AVENUE
SANTA CLARA, CALIFORNIA   95050
ATTN:  RICHARD F. LESLIE
 
 
 230233              
 
ELECTRO OPTICAL SYSTEMS
300 NORTH HALSTEAD
PASADENA, CALIFORNIA
ATTN:  BARRY BERKOV
 
 
 230242              
 
HOFFMAN ELECTRONICS
4325 N. ARDEN DRIVE
EL MONTE, CALIFORNIA 91734
 
 
 230246              
 
JET PROPULSION LABORATORIES
4800 OAK GROVE AVENUE
PASADENA, CALIFORNIA 91103
ATTN: JOHN THORSEN
 
 
 230254              
 
ECHO SCIENCES
171 NORTH SANTA ANITA
PASADENA, CALIFORNIA   91107
ATTN:  ACCOUNTS PAYABLE
 
 
 230277              
 
NAVAL AIR STATION
SUPPLY OFFICER
PT. MUGU, CALIF.
ATTN:  ACCOUNTS PAYABLE
 
 
 230286              
 
SHELL OIL COMPANY
C/O DISBURSEMENTS
P.O. BOX 3397 TER ANNEX
LOS ANGELES, CALIFORNIA
 
 
 230292              
 
TRADE LEVELS, INC.
4930 HILLARD DRIVE
LA CANADA, CALIFORNIA
ATTN: ACCOUNTS PAYABLE
 
 
 230331              
 
TELEDYNE SYSTEMS COMPANY
P.O. BOX 3000
NORTHRIDGE, CALIFORNIA
ATTN:  LEA MORRIS
 
 
 230381              
 
TELEDYNE SYSTEMS CO.
P.O. BOX 3000
NORTH RIDGE, CA. 91324
 
 
 230390              
 
OCCIDENTAL COLLEGE
SOCIOLOGY DEPARTMENT
1600 CAMPUS ROAD
LOS ANGELES, CALIFORNIA  90041
ATTN: DOUG MCADAMS
 
 
 230520              
 
ARTHUR YOUNG & COMPANY
615 SOUTH FLOWER
LOS ANGELES, CALIFORNIA
ATTN:  ACCOUNT PAYABLE
 
 
 230527              
 
BUNKER RAMO
31717 LA TIENDA DRIVE
WESTLAKE VILLAGE, CALIFORNIA   91361
ATTN:  STAN HALL
 
 
 230536              
 
SOUTHERN CALIFORNIA ASSOCIATION OF GOVERNMENTS
1111 WEST 6TH STREET   #400
LOS ANGELES, CALIFORNIA
ATTN:  TERRY CAMPBELL
 
 
 230714              
 
NAVAL AIR STATION
SUPPLY OFFICER
PT. MUGU, CALIFORNIA
ATTN: KEN LARSEN
 
 
 230716              
 
DATA PRODUCTS
6219 DE SOTO
WOODLAND HILLS, CALIF. 91364
 
 
 230772              
 
DEVELOPMENT RESEARCH
731 S FLOWER
LOS ANGELES, CALIFORNIA
ATTN:  ACCOUNTS PAYABLE
 
 
 231480              
 
COLDWELL BANKER
533 SOUTH FREMONT
LOS ANGELES, CALIFORNIA
ATTN: STEVE STURGEON
 
 
 231486              
 
UNITED STATES FOREST SERVICE
150 SOUTH LOS ROBLES, ROOM 219
PASADENA, CALIFORNIA 91101
ATTN: ACCOUNTS PAYABLE
 
 
 231487              
 
LARWIN-SAN DIEGO
9100 WILSHIRE BLVD.
BEVERLY HILLS, CALIFORNIA
ATTN: ACCOUNTS PAYABLE
 
 
 231504              
 
HOFFMAN ELECTRONICS
4323 N. ARDEN DRIVE
EL MONTE, CALIFORNIA 91734
ATTN: ACCOUNTS PAYABLE
 
 
 231505              
 
NATIONAL WIRE & CABLE
136 SAN FERNANDO ROAD
LOS ANGELES, CALIFORNIA 90031
ATTN: FRANK MOTLEY
 
 
 231526              
 
COMPUTER MEDALYTICS
6 GRANADA STREET
CORTE MADERA, CA. 94925
ATTN: ACCOUNTS PAYABLE
 
 
 231556              
 
BOEING COMPANY
P.O. BOX 29100
NEW ORLEANS, LA 70129
ATTN:  ACCOUNTS PAYABLE
 
 
 231580              
 
HEWLETT PACKARD - NEELY DIV
3939 LANKERSHIM BLVD
NORTH HOLLYWOOD, CALIFORNIA
91604
ATTN:  T. WINKER
 
 
 231831              
 
PERTEC
9600 IRONDALE AVENUE
CHATSWORTH, CALIFORNIA
ATTN: ACCOUNTS PAYABLE
 
 
 231926              
 
AUTOMATIC CONTROL SYSTEMS
10521 EAST VALLEY
EL MONTE, CALIFORNIA
ATTN:  ACCOUNTS PAYABLE
 
 
 232011              
 
ARTHUR ANDERSON & COMPANY
1320 WEST 3RD STREET
LOS ANGELES, CALIFORNIA
ATTN:  ACCOUNTS PAYABLE
 
 
 232014              
 
LOS ANGELES COUNTY REGIONAL PLANNING COMMISSION
320 WEST TEMPLE
LOS ANGELES, CALIFORNIA
ATTN:  ACCOUNT PAYABLE
 
 
 232017              
 
TEXACO, INC.
3350 WILSHIRE BLVD.
LOS ANGELES, CALIFORNIA
ATTN:  R G BROWN   RM 900
 
 
 232019              
 
COOPERS & LYBRAND
555 S FLOWER STREET
LOS ANGELES, CALIFORNIA - 90071
ATTN:  ACCOUNTS PAYABLE
 
 
 232088              
 
UNITED CALIFORNIA BANK-BRANCH EXPANSION
CORPORATE FACILITIES
600 SOUTH SPRING
LOS ANGELES, CALIFORNIA 90054
 
 
 232089              
 
HASKINS & SELLS
ONE WILSHIRE BUILDING - 19TH FLOOR
LOS ANGELES, CALIFORNIA
ATTN:  ACCOUNTS PAYABLE
 
 
 232154              
 
OVERHEAD DOOR
711 MOUNTAIN VIEW
OXNARD, CALIFORNIA
ATTN:  ACCOUNTS PAYABLE
 
 
 232825              
 
DAMES & MOORE
445 SOUTH FIGUEROA - SUITE 3500
LOS ANGELES, CALIFORNIA
ATTN:  S.K. DJOU
 
 
 232828              
 
NEPTUNE & THOMAS
1560 WEST COLORADO BLVD
PASADENA, CALIFORNIA
ATTN:  ACCOUNTS PAYABLE
 
 
 232862              
 
HYDRAULIC RESEARCH
25200 W RUE CANYON
VALENCIA, CALIFORNIA - 91355
ATTN:  ACCOUNTS PAYABLE
 
 
 232866              
 
INSIGNIS, INC.
100 WEST MICHELTORENA STREET
SANTA BARBARA, CALIFORNIA
ATTN:  ACCOUNTS PAYABLE
 
 
 232877              
 
APPLIED LOGIC
(POINT MUGU)
ONE PALMER SQUARE
PRINCETON, NEW JERSEY   08545
ATTN:  ACCOUNTS PAYABLE
 
 
 232893              
 
AMBASSADOR COLLEGE
64 WEST VERNON
PASADENA, CALIF.
ATTN: ACCOUNTS PAYABLE
 
 
 232895              
 
TIMES MIRROR
TIMES MIRROR SQUARE
LOS ANGELES, CALIFORNIA   90053
ATTN:  ACCOUNTS PAYABLE
 
 
 233088              
 
UNITED CALIFORNIA BANK
BANK PROPERTIES
215 WEST 7TH STREET
LOS ANGELES, CALIFORNIA
ATTN:  ACCOUNTS PAYABLE
 
 
 233091              
 
CITY OF PASADENA
100 N. GARFIELD
PASADENA, CALIF.
 
 
 233097              
 
BOWMAR/TIC, INC.
850 LAWRENCE DRIVE
NEWBURY PARK, CALIFORNIA
ATTN:  DON OVERCASH
 
 
 233902              
 
NELSON BEHREND
640 PROSPECT
PASADENA, CALIFORNIA   91030
ATTN:  ACCOUNTS PAYABLE
 
 
 233904              
 
NATIONAL WIRE & CABLE
136 SAN FERNANDO ROAD
LOS ANGELES, CALIFORNIA 90031
 
 
 233905              
 
KAISER/AETNA
P. O. BOX 1000
CAMARILLO, TEXAS  93010
ATTN: ROLF COLT
 
 
 233906              
 
DEVELOPMENT RESEARCH ASSOC.
731 S. FLOWER ST.
LOS ANGELES, CALIFORNIA
ATTN: ACCOUNTS PAYABLE
 
 
 233910              
 
STAR-LITE INDUSTRIES
915 SOUTH MATEO STREET
LOS ANGELES, CALIFORNIA   90021
ATTN:  MORT STEINBERG
 
 
 234627              
 
UNITED CALIFORNIA BANK
215 WEST 7TH STREET - 2ND FLOOR
CORPORATE FACILITIES
LOS ANGELES, CA.
ATTN: STEVE BRANHEIM
 
 
 234628              
 
TRADE LEVELS, INC.
301 EAST COLORADO
PASADENA, CA.
ATTN: PETE HAURLAN
 
 
 234629              
 
SOUTHERN CALIF. ASSOC. OR GOVERNMENTS
1111 W. SIXTH ST.  #400
LOA ANGELES, CALIFORNIA
ATTN:  NORM NATHAN
 
 
 234630              
 
COOPERS & LYBRAND
555 S FLOWER - 41ST FLOOR
LOS ANGELES, CALIFORNIA - 90071
ATTN:  KEITH NOTTAGE
 
 
 234631              
 
ELECTRO OPTICAL SYSTEMS
300 NORTH HALSTEAD
PASADENA, CALIFORNIA
ATTN:  MRS. JOHNSON
 
 
 234632              
 
ELECTRO OPTICAL SYSTEMS
300 NORTH HALSTEAD
PASADENA, CALIFORNIA
ATTN: GORDON SOHL
 
 
 234735              
 
HUGHES AIRCRAFT
8433 FALLBROOK
CANOGA PARK, CALIFORNIA - 91304
ATTN:  CAL CROCKETT
 
 
 234749              
 
SLI INDUSTRIES
14737 ARMINIA STREET
VAN NUYS, CALIF.
ATTN: ACCOUNTS PAYABLE
 
 
 234754              
 
AUTOMOBILE CLUB OF SOUTHERN CALIFORNIA
2601 S. FIGUEROA ST.
LOS ANGELES, CALIF 90007
ATTN: JAMES F. O RIELEY
 
 
 234802              
 
COOPERS & LYBRAND
555 S FLOWER STREET
LOS ANGELES, CALIFORNIA - 90071
ATTN:  R. B. MALMGREN
 
 
 300362              
 
LUMMUS COMPANY
1515 BROAD ST.
BLOOMFIELD, NEW JERSEY 07003
ATTN: ACCOUNTS PAYABLE
 
 
 300366              
 
BELL TELEPHONE LABS
PO BOX 304
MURRAY HILL, NEW JERSEY 07974
ATTN: ROBERT WHERETT
 
 
 300367              
 
ELECTRONIC ASSOCIATES INC
185 MONMOUTH PARKWAY
WEST LONG BRANCH NEW JERSEY 07764
ATTN: ACCOUNTS PAYABLE
 
 
 300554              
 
SYSTEMS TECHNOLOGY
194 NASSAU ST
PRINCETON NEW JERSEY 08540
ATTN: ACCOUNTS PAYABLE
 
 
 300583              
 
AIRCO WELDING PRODUCTS
CLERMONT TERRACE
UNION, NEW JERSEY 07083
ATTN: ART WALTERS
 
 
 300591              
 
SINGER KEARFOTT
150 TOTOWA ROAD
WAYNE, NEW JERSEY 07470
ATTN: RAYMOND HOFFMAN
 
 
 300614              
 
SCHOLASTIC MAGAZINES
900 SYLVAN AVE
ENGLEWOOD CLIFFS NEW JERSEY 07632
ATTN: ACCOUNTS PAYABLE
 
 
 300645              
 
ARTHUR YOUNG & COMPANY
520 BROAD ST
NEWARK NEW JERSEY  07102
ATTN: JEFF ORNSTEIN
 
 
 301585              
 
MEDICAL ECONOMICS CO
DIVISION OF LITTON INDUSTRIES
550 KINDERMARK RD
ORADELL, NEW JERSEY - 07649
ATTN:  STEVEN SORKENN
 
 
 301586              
 
TRIANGLE INDUSTRIES
CORNER RT 520 & 34
HOLMDEL, NEW JERSEY - 07733
ATTN:  A. KAHWATY
 
 
 301791              
 
WESTINGHOUSE ELECTRIC CORPORATION
RELAY & INSTRUMENT DIVISION
95 ORANGE ST
NEWARK NEW JERSEY  07101
ATTN: ACCOUNTS PAYABLE 
 
 
 302185              
 
U.S. DEPARTMENT OF COMMERCE
NATIONAL OCEA ATMOSPHERIC ADMINISTRATION
ATTN: AD561 6010 EXECTUIVE BLVD
ROCKVILLE MARYLAND 20852
 
 
 302430              
 
INTERNATIONAL TELEPHONE & TELEGRAPH
AVIONICS DIVISION
P.O. BOX 284
NUTLEY NEW JERSEY 07110
ATTN: ACCOUNTS PAYABLE
 
 
 302443              
 
CELCO INC
70 CONSTANTINE DR
MAHWAH NEW JERSEY
ATTN: ACCOUNTS PAYABLE
 
 
 302489              
 
AMERADA HESS CORPORATION
ONE HESS PLAZA
WOODBRIDGE NEW JERSEY  07095
ATTN: MR. JAMES MASON
 
 
 302517              
 
WEYERHAUSER COMPANY
TIMESHARING SERVICES TB-509
TACOMA, WASHINGTON - 98401
ATTN: DON BARNHART
 
 
 302524              
 
BERTON DICKINSON & COMPANY
CONSUMERS PRODUCTS DIVISION
PO BOX 183
EAST RUTHERFORD, NEW JERSEY - 07070
ATTN:  JAMES CRABTREE
 
 
 302530              
 
ESSO RESEARCH AND ENGINEERING COMPANY
P.O. BOX 642
LINDEN NEW JERSEY 07036
ATTN: MR. E.F. HAGER
 
 
 303071              
 
BENDIX CORPORATION
NAVIGATION & CONTROL DIVISION
TETERBORO NEW JERSEY 17608
ATTN: ACCOUNTS PAYABLE
 
 
 303426              
 
WORTHINGTON CUSTOMER SERVICE DIVISION
14 INDUSTRIAL ROAD
FAIRFIELD NEW JERSEY 07006
ATTN: T.E. GLEASON
 
 
 303772              
 
UNIROYAL INC.
MANAGEMENT RESEARCH CENTER
MIDDLEBURY CONNECTICUT 06749
ATTN: MR. ROBERT RAUSCHER
 
 
 303773              
 
HOECHST PHARMACEUTICALS INC
ROUTE 202-206 NORTH
SOMERVILLE NEW JERSEY 08876
ATTN: ACCOUNTS PAYABLE
 
 
 303778              
 
GENERAL FOODS CORPORATION
MAXWELL DIVISION
1125 HUDSON AVENUE
HOBOKEN NEW JERSEY 07030
ATTN: SAUL KATZ
 
 
 303786              
 
PROGRESSO FOODS
100 CAVAN POINT ROAD
JERSEY CITY, NEW JERSEY 07305
 
 
 303808              
 
FLINTKOTE
480 CENTRAL AVENUE
EAST RUTHERFORD NEW JERSEY 07073
ATTN: MR. JOHN PONCE
 
 
 303831              
 
M. HOFFMAN AND COMPANY INC
21 EMPIRE BOULEVARD
SOUTH HACKENSACK NEW JERSEY 07606
ATTN: MR. JOHN BROOK
 
 
 303842              
 
CURTISS-WRIGHT CORPORATION
ONE PASSAIC AVENUE
WOODRIDGE, NEW JERSEY 07075
ATTN: ELLIS MIRSKI
 
 
 303843              
 
UNIVAC
COMMUNICATION TER DIV.
1290 AVENUE OF THE AMERICAS
NEW YORK, NEW YORK 10019
ATTN: REGIONAL MGR. CSD
 
 
 303844              
 
NEW JERSEY BELL
540 BOARD ST.
NEWARK, NEW JERSEY 07102
ATTN: MR. D.F. HAGEN
 
 
 304117              
 
MATHESON GAS PRODUCTS
932 PATERSON PLANK ROAD
EAST RUTHERFORD, NJ - 07073
ATTN:  DAVID DRYBUSH
 
 
 304164              
 
SQUIBB CORPORATION
460 PARK AVENUE
NEW YORK NEW YORK
ATTN: MR. DON MARSHALL
 
 
 304218              
 
FIRST NATIONAL STATE BANK
550 BROAD STREET
NEWARK, NEW JERSEY 07102
ATTN: MR. KENNETH MATHEWS
 
 
 304231              
 
MUTUAL BENEFIT LIFE INSURANCE COMPANY
520 BROAD STREET
NEWARK, NEW JERSEY 07101
ATTN: F. KINGDON
 
 
 304609              
 
SQUIBB CORPORATION
460 PARK AVENUE
NEW YORK, N.Y.
ATTN:  MR. DON MARSHALL
 
 
 304614              
 
SQUIBB BEECHNUT INC
25 EAST KENNEDY BLVD
EAST BRUNSWICK NEW JERSEY
ATTN: DR GEORGE DENZER
 
 
 304919              
 
ROMAN PRODUCTS CORP.
330 PHILLIPS AVE.
SOUTH HACKENSACK,NEW JERSEY 07606
ATTN: EDWARD PETERSON
 
 
 312332              
 
ELECTRO OPTICAL SYSTEMS
300 NORTH HALSTEAD
PASADENA, CALIFORNIA
ATTN:  MRS. JOHNSON
 
 
 320687              
 
HAZELTINE CORPORATION
HARRISON BLVD.
AVON, MASSACHUSETTS 02322
ATTN: CARL KUHN
 
 
 320914              
 
SANDERS ASSOCIATES INC
DANIEL WEBSTER HIGHWAY SOUTH
NASHUA NEW HAMPSHIRE 03060
 
 
 320917              
 
MANAGEMENT DECISION SYSTEMS
RIVERSIDE PARK
RIVERSIDE ROAD
WESTON MASSACHUSETTS
ATTN: ACCOUNTS PAYABLE
 
 
 320925              
 
MR. DAVID THORNDIKE
24 BRIDGE STREET
MANCHESTER, MASSACHUESETTS 01944
ATTN: D. THORNDIKE
 
 
 320949              
 
RCA CORPORATION
AEROSPACE SYSTEMS DIVISION
BURLINGTON  MASSACHUSETTS 01801
ATTN: ACCOUNTS PAYABLE MAIL STOP #14
 
 
 320953              
 
COMPUTER SIGNAL PROCESSING
209 MIDDLESEX TURNPIKE
BURLINGTON, MASSACHUSETTS
ATTN: R. BORJIOLI
 
 
 320967              
 
TRANSPORTATION SYSTEMS CENTER
55 BROADWAY
CAMBRIDGE  MASSACHUSETTS 02142
ATTN: AWA CODE
 
 
 321495              
 
MICROWAVE CORPORATION
SOUTH STREET
BURLINGTON, MASSACHUSETTS 01803
ATTN: MILES GOFF
 
 
 321503              
 
RCA CORPORATION
P.O. BOX 588
BURLINGTON, MASSACHUSETTS 01801
ATTN: ED KETLER
 
 
 321584              
 
AMERICAN TELEPHONE & TELEGRAPH
ROOM 504A - 185 FRANKLIN
BOSTON, MASS - 02107
ATTN:  BILL O'BRIEN
 
 
 321976              
 
KLH RESEARCH & DEVELOPMENT
30 CROSS ST.
CAMBRIDGE  MASSACHUSETTS 02139
ATTN: ACCOUNTS PAYABLE
 
 
 321977              
 
POLAROID CORPORATION
119 WINDSOR ST.
CAMBRIDGE  MASSACHUSETTS 02139
ATTN: ACCOUNTS PAYABLE
 
 
 321987              
 
BOSE CORPORATION
1 STRATHMORE RD.
NATICK  MASSACHUSETTS 01760
ATTN: MR. ANTHONY ROSE
 
 
 321993              
 
CORNELL-DUBILIER ELECTRIC CORPORATION
1605 RODNEY FRENCH BLVD.
NEW BEDFORD  MASSACHUSETTS 02741
ATTN: DUANE M. BLOUGH
 
 
 321996              
 
VARIAN ASSOCIATES
8 SALEM ROAD
BEVERLY MASSACHUSETTS
ATTN: ACCOUNTS PAYABLE
 
 
 321997              
 
MANAGEMENT SERVICES FOR HEALTH
1 BROADWAY
CAMBRIDGE  MASSACHUSETTS 
ATTN: ACCOUNTS PAYABLE
 
 
 321999              
 
M. HOFFMAN & COMPANY  INC.
160 NORTH WASHINGTON ST.
BOSTON   MASSACHUSETTS 02114
ATTN: ACCOUNTS PAYABLE
 
 
 322602              
 
DIGITAL EQUIPMENT CORPORATION
ROUTE 117 & ROUTE 62
MAYNARD  MASSACHUSETTS 01754
ATTN: PHIL KELLEY
 
 
 322603              
 
DIGITRONICS CORPORATION
ROUTE 9
SOUTHBORO MASSACHUSETTS 01772
ATTN: MR. J.M. FLEMING
 
 
 322606              
 
RAYTHEON COMPANY
600 SPRING STREET
NORTH DIGHTON MASSACHUSETTS 02764
ATTN: MR. PETER KINNEY
 
 
 322608              
 
RAYTHEON COMPANY-MISSILE SYSTEMS DIVISION
BEDFORD LABORATORIES
HARTWELL ROAD
BEDFORD MASSACHUESETTS 01730
ATTN: ACCOUNTS PAYABLE
 
 
 322610              
 
DYNAMICS ASSOCIATES
238 MAIN STREET
CAMBRIDGE MASSACHUSETTS
ATTN: ACCOUNTS PAYABLE
 
 
 322612              
 
CAMBRIDGE MEMORIES INC.
696 VIRGINIA ROAD
CONCORD, MASSACHUSETTS 01742
ATTN: FRED COHENS
 
 
 322613              
 
ASSOCIATES FOR INTERNATIONAL RESEARCH
8 ELIOT STREET
CAMBRIDGE MASSACHUSETTS 02138
ATTN: MIKE RYBA
 
 
 322615              
 
KEYDATA CORPORATION
108 WATER STREET
WATERTOWN MASSACHUSETTS 02172
ATTN:ACCOUNTS PAYABLE
 
 
 322617              
 
MITRE CORPORATION
P.O. BOX 208
BEDFORD MASSACHESETTS 07130
ATTN: ACCOUNTS PAYABLE
 
 
 322620              
 
E.G.&G.INC.
CROSBY DRIVE
BEDFORD, MASSACHUSETTS 01730
ATTN: DONALD BOYCE
 
 
 322621              
 
VARIAN ASSOCIATES
611 HANSEN WAY
PALO ALTO CALIFORNIA
ATTN: ACCOUNTS PAYABLE
 
 
 324251              
 
EXTRION INC.
14 WALNUT STREET
PEABODY, MASSACHUESETTS
ATTN: DR. P. ROSE
 
 
 324298              
 
AMERICAN TEACHING TOYS
383 ELLIOT STREET
NEWTON, MASSACHUSETTS 02164
ATTN: STEVEN GRAHAM
 
 
 324308              
 
DATA GENERAL CORPORATION
ROUTE 9
SOUTHBORO, MASSACHUSETTS 01772
ATTN: MIKE FELDSTEIN
 
 
 330375              
 
AMAX
ONE GREENWICH PLAZA
GREENWICH CONNECTICUT 06830
ATTN: ACCOUNTS PAYABLE
 
 
 330556              
 
AMERICAN CYANAMID
1937 WEST MAIN ST
STAMFORD CONNECTICUT
ATTN: ACCOUNTS PAYABLE
 
 
 330566              
 
POTTER INSTRUMENTS
EAST BETHPAGE ROAD
PLAINVIEW NEW YORK
ATTN: ACCOUNTS PAYABLE
 
 
 330568              
 
CBS LABS
227 HIGH RIDGE ROAD
STAMFORD CONNECTICUT
ATTN: ACCOUNTS PAYABLE
 
 
 330573              
 
AMF INCORPORATED
689 HOPE STREET
STAMFORD CONNECTICUT 06907
ATTN: ACCOUNTS PAYABLE
 
 
 330575              
 
UNITED NUCLEAR CORPORATION
NAVAL PRODUCTS DIVISION
365 WINCHESTER AVENUE
NEW HAVEN CONNECTICUT
ATTN: ACCOUNTS PAYABLE
 
 
 330576              
 
CARDION ELECTRONICS
LONG ISLAND EXPRESSWAY
WOODBURY NEW YORK
ATTN: ACCOUNTS PAYABLE
 
 
 330592              
 
HAZELTINE CORPORATION
FINANCE DEPT 
GREEN LAWN, NY - 11740
ATTN:  MR. PAUL CARDIN
 
 
 330619              
 
GF:  TECHNICAL CENTER
555 S BROADWAY
TARRYTOWN, NY - 10591
ATTN:  STEVE CHALL
 
 
 330621              
 
GENERAL FOODS CORPORATION
MAXWELL HOUSE DIVISION
250 NORTH ST 
WHITE PLAINS  NEW YORK
ATTN: MR FRANK CALANDRA
 
 
 330824              
 
UNIROYAL INCORPORATED
OXFORD MANAGEMENT CENTER
MIDDLEBURY CONNECTICUT
ATTN: WILLIAM GERE - MANAGEMENT SCIENCE
 
 
 330871              
 
PRD ELECTRONICS
6801 JERICHO TURNPIKE
SYOSSET NEW YORK
ATTN: ACCOUNTS PAYABLE
 
 
 330872              
 
BUNKER RAMO CORPORATION
35 NUTMEG ST.
TRUMBULL INDUSTRIAL PARK
TRUMBULL CONNECTICUT
ATTN: ACCOUNTS PAYABLE
 
 
 330976              
 
HARTFORD INSURANCE COMPANY
LIFE ACTUARIAL DEPARTMENT
HARTFORD PLAZA
HARTFORD CONNECTICUT 06105
ATTN: MR. DON SONDERGELD
 
 
 330992              
 
HAMILTON STANDARD DIV UAC
PO BOX 343
WINDSOR LOCKS, CONNECTICUT 06906
ATTN:  ACCOUNTS PAYABLE
 
 
 331558              
 
LITTON - BUSINESS TELEPHONE SYSTEMS
560 BROADHOLLOW ROAD
MELVILLE, NY - 11746
ATTN:  MR. WILLAIM EMORY
 
 
 331651              
 
FARREL COMPANY
25 MAIN STREET
ANSONIA, CONNECTICUT
ATTN:  MR. AL CHIRGWIN
 
 
 331776              
 
NORDEN DIVISION UAC
100  HELEN STREET
NORWALK, CONNECTICUT - 06856
ATTN:  MR. MILES MATHEWS
DO 32, DEPT 210
 
 
 331784              
 
GULF UNITED NUCLEAR CORPORATION
GRASSLANDS ROAD
ELMSFORD, NEW YORK - 10523
ATTN:  ACCOUNTS PAYABLE
 
 
 332077              
 
SOUTHERN NEW ENGLAND TELEPHONE COMPANY
300 GEORGE STREET
NEW HAVEN CONNECTICUT 06510
ATTN: MR J.E. DILLON
 
 
 332126              
 
PRATT & WHITNEY
400 MAIN ST
EAST HARTFORD CONNECTICUT 06108
ATTN: ACCOUNTS PAYABLE
 
 
 332147              
 
POLYMER INDUSTRIES
1200 HIGH RIDGE ROAD
STAMFORD CONNECTICUT
ATTN: MR FLETCHER
 
 
 332181              
 
GENERAL FOODS CORPORATION
CORPORATE SYSTEMS
250 NORTH ST
WHITE PLAINS NEW YORK
ATTN: MR L YARDENI
 
 
 332188              
 
GREAT NORTHERN PAPER CO
75 PROSPECT STREET
STAMFORD, CONNECTICUT - 06902
ATTN:  ED WASHINGTON
 
 
 332413              
 
ORANGE AND ROCKLAND UTILITIES INC
75 WEST ROUTE 59
SPRING VALLEY NEW YORK 10977
ATTN: ACCOUNTS PAYABLE
 
 
 332432              
 
XEROX CORPORATION
WORLD HEADQUARTERS
HIGH RIDGE PARK
STAMFORD CONNECTICUT 06905
ATTN: MRS. CONSTANCE MCCUE
 
 
 332433              
 
THE HORTON COMPANY
254 PROSPECT AVENUE
HARTFORD CONNECTICUT 06105
ATTN: ACCOUNTS PAYABLE
 
 
 332438              
 
ARTHUR YOUNG & CO
MISS BONNIE BENJAMIN
1011 HIGH RIDGE ROAD
STAMFORD,CONNECTICUT - 06905
 
 
 332446              
 
HOMELITE
70 RIVERDALE AVENUE
PORT CHESTER, NY - 10573
ATTN:  ACCOUNTS PAYABLE
 
 
 332460              
 
SCEPTRE
3194 HIGH RIDGE ROAD
STAMFORD CONNECTICUT
ATTN: MR CS ROSS
 
 
 332464              
 
UNITED ILLUMINATING
P.O. BOX 1564
NEW HAVEN, CONNECTICUT 06506
ATTN: ACCOUNTS PAYABLE
 
 
 332468              
 
BOWATER INCORPORATED
1500 EAST PUTNAM AVENUE
OLD GREENWICH CONNECTICUT
ATTN: R.B. REID
 
 
 332491              
 
CHASE BAG COMPANY
2 GREENWICH PLAZA
GREENWICH CONNECTICUT 06830
ATTN: MR. M.A. SMITHWICK
 
 
 332494              
 
DOW CORNING CORPORATION
45 COMMERCE DRIVE
TRUMBULL CONNECTICUT 06601
 
 
 332514              
 
NEW ENGLAND LAMINATE
25 CRESCENT ST
STAMFORD CONNECTICUT
ATTN: ACCOUNTS PAYABLE
 
 
 332528              
 
PERQ CORPORATION
CUMMINGS POINT ROAD
STAMFORD CONNECTICUT
ATTN: MR. DAVE GIDEON
 
 
 333063              
 
GENERAL FOODS CORPORATION
I F S D
250 NORTH ST
WHITE PLAINS NEW YORK
ATTN: MR F MCDOWELL
 
 
 333068              
 
GENERAL FOODS CORPORATION
POST DIVISION
250 NORTH STREET
WHITE PLAINS NEW YORK 10625
ATTN: MR. DON SOLOMON
 
 
 333776              
 
PHYSICIANS MANAGEMENT MAGAZINE
26 SIXTH STREET
STAMFORD CONNECTICUT
 
 
 333781              
 
CLAIROL, INC
ONE BLACHLEY ROAD
STAMFORD CONNECTICUT - 06902
ATTN:  MR. ROBERT K. SHEKHDAR
 
 
 333785              
 
AMAX CHEMICAL DIVISION
35 MASON STREET
GREENWICH CONNECTICUT 06830
ATTN: MR. R TOWNSEND
 
 
 333787              
 
BUNKER RAMO
INDUSTRIAL PARK
TRUMBALL, CONNECTICUT
ATTN:  ACCOUNTS PAYABLE
 
 
 333791              
 
HAZELTINE
CARL MEINEN - PULASKI ROAD
GREENLAWN, LI, NEW YORK
 
 
 333794              
 
ELECTROLUX
DIVISION OF CONSOLIDATED FOODS CORPORATION
2777 SUMMER STREET
STAMFORD, CONNECTICUT
ATTN: MR. W. KEARNEY
 
 
 333795              
 
RAACO CORPORATION
372 ELY AVENUE
SOUTH NORWALK, CONNECTICUT 06854
ATTN: MR. TONY MARCHETTI
 
 
 333799              
 
TELE-RESOURCES INCORPORATED
ONE NORTH BROADWAY
WHITE PLAINS, NEW YORK 10601
ATTN: MR. WILLIAM JACOBSON
 
 
 333810              
 
CFSC LEASING CORPORATION
945 MAIN STREET  3RD FLOOR
BRIDGEPORT CONNECTICUT 06602
ATTN: MR. STAN LEE
 
 
 333811              
 
GOLDMARK COMMUNICATIONS CORPORATION
ONE COMMUNICATIONS PLAZA
STAMFORD, CONN. 06902
ATTN: ACCOUNTS PAYABLE
 
 
 333812              
 
WESLEYAN UNIVERSITY
CONTROLLERS OFFICE
MIDDLETOWN, CONNECTICUT 06457
ATTN: MR. BURTON SONENSTEIN
 
 
 333813              
 
CHESEBROUGH-PONDS INC.
33 BENEDICT PLACE
GREENWICH, CONN. 06830
ATTN: MEL COTTERILL
 
 
 333814              
 
HOOKER CHEMICAL CORPORATION
1515 SUMMER STREET
STAMFORD, CONN. 06905
ATTN: MR. CARL KORSMEIER
 
 
 333927              
 
LARWIN-NORTHEAST INCORPORATED
5 DAKOTA DRIVE
LAKE SUCCESS NEW YORK 11040
ATTN: MR. MAL GROPPER
 
 
 334100              
 
LITTON BUSINESS TELEPHONE SYSTEMS
500 NACARA
SUNNYVALE, CALIF. 94086
ATTN: KEN CASNAR
 
 
 334185              
 
VANGUARD MEDICAL PRODUCT INC.
ONE TUNXIS ROAD
TARIFFVILLE CONNECTICUT 06081
ATTN: HUGO GAUSS
 
 
 334186              
 
AMF RESEARCH
689 HOPE ST.
STAMFORD, CONN.
ATTN: MR. LEE HEALY
 
 
 334250              
 
AHLSTROM AND LEE
153 WOOSTER ST.
NEW HAVEN, CONN. 06511
ATTN: MR. STEVE DAVIS
 
 
 334258              
 
CLAIROL INCORPORATED
ONE BLACHLEY ROAD
STAMFORD CONNECTICUT 06902
ATTN: MR. DAVID NETTLETON
 
 
 334278              
 
MORSE ELECTRO PRODUCTS INCORPORATED
2777 SUMMER STREET
STAMFORD, CONNECTICUT 06902
ATTN: MR. MARTIN KATZ
 
 
 334337              
 
SONOTONE CORPORATION, A GOULD CO
SAW MILL RIVER ROAD
ELMSFORD, NY
ATTN:  ACCOUNTS PAYABLE
 
 
 334610              
 
HARTFORD INSURANCE GROUP
HARTFORD PLAZA
HARTFORD, CONN. 06115
ATTN: MR. JAMES SMITH
OPERATIONS RESEARCH
 
 
 334612              
 
HARTFORD INSURANCE GROUP
GROUP ACTUARIAL DEPT.
HARTFORD PLAZA
HARTFORD CONN.  06105
ATTN: MR. LARRY RUPP
 
 
 334662              
 
ROBERT L. WILSON,A.I.A.
733 SUMMER ST.
STAMFORD, CONN
 
 
 334678              
 
DONALD J. COLASONO ASSOC.,P.C.
164 MASON ST.
GREENWICH, CONN. 06830
 
 
 334694              
 
HAZELTINE
CUBA HILL ROAD
GREENLAWN, LI, NEW YORK
ATTN:  ACCOUNTS PAYABLE
 
 
 334926              
 
BRANSON-KRAUTKRAMER
76 PROGRESS DRIVE
STAMFORD, CONN. 06904
ATTN: MR. PHIL WALKER
 
 
 340588              
 
BECHTEL CORPORATION
485 LEXINGTON AVENUE
NEW YORK NEW YORK
ATTN : COMPUTER DEPARTMENT
 
 
 340593              
 
SQUIBB CORPORATION
40 WEST 57TH STREET
NEW YORK, NEW YORK - 10019
ATTN:  DON MARSHALL
 
 
 340601              
 
I.T.T. WORLD COMMM. INC.
67 BROAD ST.
NEW YORK, NEW YORK  10004
ATTN:  LEO A. VOZEL
 
 
 340611              
 
PAN AMERICAN AIRWAYS
JFK INTERNATIONAL AIRPORT
HANGAR 14 ROOM 312
JAMAICA NEW YORK 11430
ATTN: MANAGER COST ANALYSIS
 
 
 340643              
 
COATS & CLARK SALES CORPORATION
430 PARK AVENUE
NEW YORK NEW YORK
ATTN: ROD SIMISTER
 
 
 340678              
 
JAEGER COMPANY
110 TRIANGLE BLVD
CARLSTADT NEW JERSEY 07072
ATTN: EDWARD MARCIN
 
 
 340821              
 
CRO-MED BIONICS
160 FIFTH AVE
NEW YORK NEW YORK
ATTN: BERNIE FINERMAN
 
 
 340866              
 
TRANS WORLD AIRLINES
605 THIRD AVENUE
NEW YORK NEW YORK 10016
ATTN: MR. BOB PIRO
 
 
 340871              
 
PRD ELECTRONICS
6801 JERICHO TURNPIKE
SYOSSET, NEW YORK
ATTN:  ACCOUNTS PAYABLE
 
 
 341500              
 
BUREAU OF ADVERTISING
485 LEXINGTON AVENUE
NEW YORK, NEW YORK
ATTN:  MR. JIM HOLLIS
 
 
 341532              
 
ROLF ROSENTHAL INC.
41 EAST 57TH STREET
NY, NY  10022
ATTN:  CHARLES RIEGLE
 
 
 341548              
 
GIBBS & COX
21 WEST STREET
NEW YORK NEW YORK 10006
ATTN: ACCOUNTS PAYABLE
 
 
 341560              
 
PORTER HENRY COMPANY
103 PARK AVE.
NEW YORK, NEW YORK 10016
ATTN: MR. GEORGE POTTS
 
 
 341561              
 
TECHNOVUS CORP.
680 5TH AVE.
NEW YORK, NEW YORK 10019
ATTN: MR. PETER F.M. STEWART
 
 
 341664              
 
LIGGETT & MYERS INC
630 FIFTH AVE
NEW YORK NEW YORK 10020
ATTN: JOE SILBER
 
 
 341671              
 
NEW YORK CITY TRANSIT AUTHORITY
370 JAY ST
BROOKLYN NEW YORK
ATTN: ACCOUNTS PAYABLE
 
 
 341795              
 
NEW YORK CITY FINANCE ADMINISTRATION
ROOM 505
MUNICIPAL BUILDING
NEW YORK NEW YORK 10007
ATTN: MR. JOHN FAVA
 
 
 341797              
 
NEW YORK TELEPHONE COMPANY
315 PARK AVE SOUTH
NEW YORK NEW YORK
ATTN: BILL KEATING
 
 
 341902              
 
AMERICAN TELEPHONE & TELEGRAPH COMPANY
195 BROADWAY
NEW YORK NEW YORK
ATTN: MR. PETER PAWELKO
 
 
 341903              
 
NEW YORK TELEPHONE
1411 BROADWAY
NEW YORK, NEW YORK - 10018
ATTN:  K. R. SCHWARTZ - ROOM 3600
 
 
 342072              
 
THE MAIDSTONE GROUP
333 EAST 46TH STREET
PENTHOUSE C
NEW YORK NEW YORK 10017
ATTN: PHIL LIEBMAN
 
 
 342136              
 
WESTERN ELECTRIC COMPANY
20TH FLOOR
222 BROADWAY
NEW YORK, NEW YORK  
ATTN:  MR. RICHARD A. HUNT
 
 
 342143              
 
ARTHUR YOUNG AND CO.
277 PARK AVE.
NEW YORK, NEW YORK 10017
ATTN: DAN MORSON
 
 
 342180              
 
KENTON CORPORATION
919 THIRD AVENUE
NEW YORK NEW YORK
ATTN:PHIL WATROUS
 
 
 342192              
 
SINGER CORPORATION
30 ROCKEFELLER PLAZA
NEW YORK NEW YORK 10020
ATTN: ELI GLADSTEIN
 
 
 342408              
 
ARTHUR YOUNG & COMPANY
277 PARK AVENUE
NEW YORK NEW YORK  10017
ATTN:  ALLAN KORNFELD
 
 
 342409              
 
ARTHUR YOUNG & COMPANY
485 LEXINGTON AVENUE
NEW YORK, NEW YORK - 10017
ATTN:  ROBERT MAUGHAN
 
 
 342451              
 
EBASCO SERVICES INC.
2 RECTOR ST.
NEW YORK, NEW YORK 10006
ATTN: R.W.BETZ ROOM 1726
 
 
 342484              
 
OFF TRACK BETTING CORPORATION
1501 BROADWAY
NEW YORK NEW YORK 10036
ATTN: ACCOUNTS PAYABLE
 
 
 342500              
 
ELECTRIC ENERGY ASSOCIATION
90 PARK AVENUE
NEW YORK NEW YORK 10016
ATTN: GEORGE REEVES  3RD FLOOR
 
 
 342507              
 
WILLIAM DOUGLAS MCADAMS
110 EAST 59TH STREET
NEW YORK NEW YORK 10022
ATTN: WILLIAM BOLOGNA
 
 
 342533              
 
KLEMTNER ADVERTISING INC.
1270 AVENUE OF THE AMERICAS
NEW YORK NEW YORK 10020
ATTN:JOAN KIRCHNER
 
 
 342534              
 
RENTAL AND MANAGEMENT ASSOCIATES,INC.
10 EAST 40TH STREET
NEW YORK NEW YORK
ATTN: MR. PHILLIP SCHOR
 
 
 342539              
 
NEW YORK TELEPHONE COMPANY
567 EAST 105TH STREET
BROOKLYN NEW YORK 
ATTN: MR J M BAXTER
 
 
 342540              
 
NEW YORK TELEPHONE COMPANY
175-05 HORACE HARDING EXPRESSWAY
FLUSHING NEW YORK
ATTN: MR J MCGRATH
 
 
 342543              
 
NEW YORK CITY TRANSIT AUTHORITY
370 JAY STREET
BROOKLYN NEW YORK 11201
ATTN: MR. S. KAUFFMAN
 
 
 342544              
 
SUDLER AND HENNESSY
130 EAST 59TH STREET
NEW YORK NEW YORK 10022
ATTN: ACCOUNTS PAYABLE
 
 
 342545              
 
NEW YORK TELEPHONE COMPANY
175-05 HORACE HARDING EXPRESSWAY
FLUSHING NEW YORK
ATTN: MR. BRUHNKE
 
 
 342551              
 
EBASCO SERVICES INV
2 RECTOR ST.
N.Y.,N.Y.  10006
ATTN: R.W. BETZ  ROOM 1726
 
 
 343281              
 
CONTINENTAL GRAIN
2 BROADWAY
NEW YORK NEW YORK 10004
ATTN: MR. ERIC JACOVES
 
 
 343774              
 
ARTHUR YOUNG & COMPANY
485 LEXINGTON AVENUE
NEW YORK, NEW YORK - 10017
ATTN:  ACCOUNTS PAYABLE
 
 
 343798              
 
MOBIL OIL CORPORATION
NEW YORK STATE MARKETING DIVISION
670 WHITE PLAINS ROAD
SCARSDALE NEW YORK
ATT: CARL SCHENK
 
 
 343803              
 
ELECTRICAL FITTINGS CORPORATION
123 SMITH STREET
EAST FARMINGDALE NEW YORK 11734
ATT: CHARLES DEAL
 
 
 343805              
 
KALLIR PHILIPS ROSS INCORPORATED
919 3RD AVENUE
NEW YORK NEW YORK
ATTN: NORMAN COOPER
 
 
 343807              
 
CAVANAUGH LEASING CORPORATION
437 MADISON AVENUE
NEW YORK NEW YORK
ATT: MR. BRUCE HEYE
 
 
 343832              
 
WESSON & WARHAFTIG
919 THIRD AVENUE
NEW YORK, NEW YORK 10022
ATTN: BARBARA PARKIN
 
 
 343834              
 
AMERICAN TELEPHONE & TELEGRAPH
32 AVENUE OF THE AMERICAS
NEW YORK, NEW YORK - 10013
ATTN:  MR. CHARLES CHRIST
 
 
 343835              
 
STATE UNIVERSITY OF NEW YORK
DOWNSTATE MEDICAL CENTER
450 CLARKSON AVENUE
BROOKLYN, NEW YORK 11203
ATTN: DR. CHARLES PLOTZ
 
 
 343836              
 
FEDERAL AVIATION ADMINISTRATION
FEDERAL BUILDING
JFK INTERNATIONAL AIRPORT
JAMAICA, NEW YORK 11430
ATTN: E.A.25
 
 
 343838              
 
NEW YORK TELEPHONE
1411 BROADWAY
NEW YORK, NEW YORK - 10018
ATTN:  K. R. SCHWARTZ
 
 
 343840              
 
TURN STYLE
3030 CULLESTON DR.
FRANKLIN PARK, ILLINOIS  60131
ATTN:  ADAM PALASRK
 
 
 343845              
 
UNIVAC
1290 AVENUE OF THE AMERICAS
NYEW YORK, NEW YORK
ATTN:  BOB UNGERBUEHLER
 
 
 344203              
 
GRUEN INDUSTRIES
20 WEST 47TH ST.
NEW YORK, NEW YORK 10036
ATTN: ACCOUNTS PAYABLE
 
 
 344608              
 
MOBIL OIL CORPORATION
150 EAST 42ND STREET
NEW YORK, NEW YORK - 10017
ATTN:  MR. A. H. SCHNEYMAN
 
 
 344611              
 
KENTON CORPORATION
C/O REPUBLIC-CELLINI CORP.
1370 BROADWAY
NEW YORK, N.Y.
ATTN: BARRY SILVERSTEIN
 
 
 344615              
 
NEW YORK CITY TRANSIT AUTHORITY
SUB-DIVISON ENG-SIGNALS & COMM DIVISION
370 JAY STREET
BROOKLYN, NEW YORK - 11201
ATTN:  MR. T. KAMINISKI
 
 
 344642              
 
ROSENFIELD, HARVEY, MORSE, ARCHITECTS
249 EAST 57TH STREET
NEW YORK, NEW YORK 10022
ATTN: J. MORSE - 2ND FLOOR
 
 
 344685              
 
CONDUCTOR FITTINGS CORP
2545 STILLWELL AVE
BROOKLYN, N.Y.  11223
ATTN:  FRANK WALDER
 
 
 344998              
 
STERLING INSTITUTE - INNOVATIVE INST
100 PARK AVENUE
NEW YORK, NY - 10017
ATTN:  MR. RICHARD SPIVAK
 
 
 351904              
 
LAZARD FRERES
ONE ROCKEFELLER PLAZA
NEW YORK, NEW YORK  10020
ATTN:  SYDNEY WOLF
 
 
 352061              
 
BURNHAM & COMPANY
60 BROAD ST
NEW YORK NEW YORK
ATTN: MR A LAMPORT
 
 
 352143              
 
ARTHUR YOUNG & COMPANY
277 PARK AVENUE
NEW YORK NEW YORK 10017
ATTN: DAN MORSON
 
 
 352193              
 
BANK OF AMERICA
BANK OF AMERICA CENTER
MANAGEMENT SCIENCES DEPARTMENT (3210)
SAN FRANCISCOCALIFORNIA
ATTN: MR LOUIS W TEAL
 
 
 352415              
 
STONE & WEBSTER SECURITIES CORPORATION
90 BROAD STREET
NEW YORK NEW YORK 10004
ATTN: THOMAS C HOWARD
 
 
 352449              
 
AMERICAN EXPRESS COMPANY
61 BROADWAY
NEW YORK NEW YORK
ATTN: MR. JAMES MANNINO
 
 
 352478              
 
MANUFACTURERS HANOVER TRUST COMPANY
4 NEW YORK PLAZA
NEW YORK NEW YORK
ATTN: DAVE ZOMBACK
 
 
 352479              
 
TAW LEASING
866 UNITED NATIONS PLAZA
NEW YORK NEW YORK
ATTN: MR. SAMUEL H. HOWARD
 
 
 352486              
 
EQUILEASE CORPORATION
387 PARK AVE SOUTH
NEW YORK, NEW YORK  
ATTN:  ANITA PHILLIPS
 
 
 352505              
 
INTERET CORPORATION
280 PARK AVENUE 
25TH FLOOR
NEW YORK NEW YORK
ATTN: ACCOUNTS PAYABLE
 
 
 352506              
 
HASKENS AND SELLS
1114 AVENUE OF THE AMERICAS
NEW YORK NEW YORK 10036
ATTN: ACCOUNTS PAYABLE
 
 
 352568              
 
BEAR STERNS AND COMPANY
1 WALL STREET
NEW YORK NEW YORK
ATTN: MR. GENE HILZENRATH
 
 
 353057              
 
PEAT MARWICK MITCHELL & COMPANY
345 PARK AVENUE
NEW YORK NEW YORK
ATTN: DR. DON STRUVE
 
 
 353780              
 
STONE & WEBSTER SECURITIES CORP.
90 BROAD STREET
NEW YORK, NEW YORK
ATTN: KING BARTHOLOMEW
 
 
 353783              
 
STONE AND WEBSTER MANAGEMENT CONSULTANTS
90 BROAD STREET
NEW YORK NEW YORK
ATTN:ACOUNTS PAYABLE
 
 
 353800              
 
SOLOMON BROTHERS
1 NEW YORK PLAZA
NEW YORK, NEW YORK  10004
ATTN:  MIKE WALDMAN
 
 
 354211              
 
MANCHESTER CAPITAL CORP.
485 MADISON AVE.
NEW YORK, NEW YORK
ATTN:  DAVID STONE
 
 
 354276              
 
JOSEPH E. SEAGRAMS & CO
800 THIRD AVENUE
NEW YORK, NEW YORK
ATTN:  KEN TODD
 
 
 354916              
 
AMERICAN ELECTRIC POWER COMPANY
2 BROADWAY
NEW YORK, NY - 10004
ATTN:  B. A. RENZ
 
 
 354972              
 
DONALDSON, LUFKIN, JENRETTE
140 BROADWAY
NEW YORK, NEW YORK
ATTN:  DAVID STONE
 
 
 354985              
 
DLJ PROPERTIES
140 BROADWAY
NEW YORK, NY
ATTN:  FRANK PEARSON
 
 
 354989              
 
DWS HOLDING CORPORATION
1 STATE STREET PLAZA
NEW YORK, NEW YORK - 10004
ATTN:  E. STEINER
 
 
 390363              
 
TELMAR COMMUNICATIONS
BOEING COMPANY
P.O. BOX 29100
NEW ORLEANS, LA. 70129
ATTN: ACCOUNTS PAYABLE
 
 
 390541              
 
ON-LINE DECISIONS
666 FIFTH AVE
NEW YORK NEW YORK
ATTN: MR DOUG SMITH
 
 
 400905              
 
ADAMS RUSSELL
280 BEAR HILL ROAD
WALTHAM  MASSACHUSETTS
ATTN: MATT SLATE
 
 
 410054              
 
ON LINE DECISIONS INC.
20 NORTH WACKER DRIVE
CHICAGO ILLINOIS  60606
ATTN: MR. GARY NEALE
 
 
 410738              
 
ARTHUR YOUNG & COMPANY
ONE IBM PLAZA
CHICAGO ILLINOIS  60603
ATTN: ACCOUNTS PAYABLE
 
 
 411058              
 
UNIVERSITY OF ILLINOIS @ THE MEDICAL CENTER
OFFICE OF BUSINESS AFFAIRS
PO BOX 6998
CHICAGO, ILLINOIS - 60680
ATTN:  ACCOUNTS PAYABLE
 
 
 411059              
 
EQUILEASE CORPORATION
387 PARK AVENUE
NEW YORK, NEW YORK - 10016
ATTN:  ACCOUNTS PAYABLE
 
 
 411304              
 
UNIVERSITY OF ILLINOIS-MED. CENTER
OFFICE OF BUSINESS AFFAIRS
P.O. BOX 6998
CHICAGO, ILLINOIS 60680
 
 
 411536              
 
GTE AUTOMATIC ELECTRIC
P.O. BOX 17
NORTHLAKE, ILLINOIS   60164
 
 
 411637              
 
ILLINOIS RACING BOARD
LABORATORY DIVISION
3301 S LARAMIE
CICERO, ILLINOIS - 60650
ATTN:  JOHN MCDONALD
 
 
 411678              
 
JEWEL COMPANIES
5725 E. RIVER ROAD
CHICAGO, ILLINOIS  60631
 
 
 411679              
 
DESOTO INCORPORATED
1700 SOUTH MT. PROSPECT ROAD
DES PLAINES, ILLINOIS 60018
ATTN: E.S. JAMNIK
 
 
 411680              
 
ARMOUR PHARMACUETICAL COMPANY
P.O. BOX 511
KANKAKEEE ILLINOIS  60901
ATTN: ACCOUNTS PAYABLE
 
 
 411683              
 
PULLMAN STANDARD
1414 FIELD STREET
HAMMOND, INDIANA  46320
 
 
 411688              
 
AMAX CARBON PRODUCTS INC.
8 SOUTH MICHIGAN AVENUE
CHICAGO ILLINOIS
ATTN: ACCOUNTS PAYABLE
 
 
 411690              
 
ABBOTT LABORATORIES  D-300
P.P.D. FINANCIAL ANALYSIS
14TH & SHERIDAN ROAD
NORTH CHICAGO ILLINOIS   60064
ATTN: WILLIAM R. MATTSON
 
 
 411698              
 
HARNISCHFEGER CORPORATION
3812 WEST BURNHAM
MILWAUKEE WISCONSIN
ATTN: MR. J.S. SOBEHRAD
 
 
 411699              
 
NATIONAL CASH REGISTER
899 OLD SKOKIE ROAD
NORTHBROOK, ILLINOIS
 
 
 412503              
 
INLAND STEEL
3210 WOTLING STREET
E. CHICAGO, IND.  46312
 
 
 412506              
 
MASONITE COPORATION
29 NORTH WACKER DRIVE
CHICAGO ILLINOIS  60606
ATTN: ACOUNTS PAYABLE
 
 
 412516              
 
HARCOURT BRACE & JOVANOVICH
SUITE 1330
1603 ORRINGTON
EVANSTON ILLINOIS  
ATTN: ACCOUNTS PAYABLE
 
 
 412523              
 
FIRST NATIONAL BANK OF CHICAGO
ONE FIRST NATIONAL PLAZA
CHICAGO ILLINOIS  60010
ATTN: ACCOUNTS PAYABLE
 
 
 412529              
 
HARLEY DAVIDSON INC
3700 WEST JUNEAU
MILWAUKEE WISCONSIN  53201
ATTN: R.W. FINK
 
 
 412548              
 
MGD - MIEHLE
2011 W HASTINGS
CHICAGO, ILLINOIS-60608
ATTN:  ACCOUNTS PAYABLE
 
 
 412598              
 
DODGE MANUFACTURING CORP
500 SOUTH UNION STREET
MISHAWAKA  INDIANA  46544
ATTN: MR ROBERT KASPRZAK
 
 
 413028              
 
FLEET TOOL CORPORATION
3900 WESLEY
SCHILLER PARK ILLINOIS  60176
ATTN: ACCOUNTS PAYABLE
 
 
 413032              
 
PARAGON ELECTRIC COMPANY
1600 12TH AVENUE
TWO RIVERS WISCONSIN  54241
ATTN: ACCOUNTS PAYABLE
 
 
 413036              
 
EISNER FOOD STORES
301 EAST WILBUR HIEGHTS ROAD
CHAMPAIGN ILLINOIS  61820
ATTN: MR. LEE WISE
 
 
 413038              
 
XEROX CORP
3000 DES PLAINES AVENUE
DES PLAINES, ILLINOIS
ATTN:  ACCOUNTS PAYABLE
 
 
 413044              
 
MEMOREX CORPORATION
400 INDEPENDENCE TOWER
5755 GRANGER ROAD
CLEVELAND OHIO  44131
ATTN: ACCOUNTS PAYABLE
 
 
 413045              
 
STANDARD OIL COMPANY
910 SOUTH MICHIGAN AVENUE
CHICAGO ILLINOIS  60605
ATTN:  MR. W.D. MCEACHRON
 
 
 413050              
 
BENDIX CORPORATION
401 NORTH BENDIX DRIVE
SOUTH BEND INDIANA  46628
ATTN: MR. DONALD B. JOHANNESEN
 
 
 413708              
 
MGD GRAPHIC SYSTEMS
3100 S CENTRAL
CHICAGO, ILLINOIS - 60650
ATTN:  MR. JOHN H. RUBEL
 
 
 413711              
 
A. G. BECKER CO
2 FIRST NATIONAL PLAZA
CHICAGO, ILLINOIS - 60603
ATTN:  NICHOLAS POSRGAY
 
 
 413712              
 
LARWIN-ILLINOIS
900 JORIE BLVD.
OAKBROOK ILLINOIS
ATTN: ACCOUNTS PAYABLE
 
 
 413713              
 
JEFFCO MANUFACTURING
3150 YOUNGFIELD STREET
LAKEWOOD COLORADO
ATTN: ACCOUNTS PAYABLE
 
 
 413714              
 
S.C. JOHNSON & SONS
1525 HOWE STREET
RACINE WISCONSIN
ATTN: ACCOUNTS PAYABLE
 
 
 413721              
 
RAND MCNALLY
P.O. BOX 7600
CHICAGO ILLINOIS  60680
ATTN: ACCONTS PAYABLE
 
 
 413737              
 
CONTINENTAL CAUSALTY COMPANY
310 S MICHIGAN AVENUE
CHICAGO, ILLINOIS - 60604
ATTN:  MR. DICK YOUNG
 
 
 413738              
 
AMERICAN MEDICAL ASSOC.
535 N. DEARBORN
CHICAGO, ILL. 60610
ATTN: ACCOUNTS PAYABLE
 
 
 413742              
 
KEYSTONE CONSOLIDATED INDUSTRIES INC.
7000 S. ADAMS STREET
PEARIOY, ILL. 61607
ATTN: MIS DEPT.
 
 
 414033              
 
3-M CORPORATION
3 M CENTER
BLDG 224-4E
ST PAUL, MINN - 55101
ATTN:  ACCOUNTS PAYABLE
 
 
 414245              
 
H. B. FOWLER
PO BOX 627
HARVEY, LOUISIANA
ATTN:  ACCOUNTS PAYABLE
 
 
 414259              
 
SFC LEASING CORPORATION
7045 N WESTERN AVENUE
CHICAGO, ILLINOIS - 60645
ATTN:  MR. JACK SCHULKINS
 
 
 414605              
 
HASKINS & SELLS
1114 AVENUE OF THE AMERICAS
NEW YORK, NY
ATTN: ACCOUNTS PAYABLE
 
 
 414606              
 
JEWEL COMPANY
OUTER ZONE DIVISION
1955 WEST NORTH AVE.
MELROSE PARK,ILL  60160
ATTN: MR. LES DAVIS
 
 
 414607              
 
ABBOTT LABORATORIES
14TH STREET & SHERIDAN ROAD
NORTH CHICAGO, ILL   60064
ATTN: ACCOUNTS PAYABLE
 
 
 423039              
 
RALSTON PURINA
 
 
 430401              
 
TOUCHE ROSS AND COMPANY
1300 FIRST NATIONAL BLDG.
DETROIT, MICHIGAN 48226
ATTN: HARVEY SCHATZ
 
 
 431017              
 
JEWEL FOODS CO
5725 E RIVER ROAD
CHICAGO, ILLINOIS 
ATTN:  ACCOUNTS PAYABLE
 
 
 431501              
 
MICHIGAN MEDICAL SERVICE
600 LAFAYETTE EAST
DETROIT, MICHIGAN
ATTN:  ACCOUNTS PAYABLE
 
 
 431557              
 
AUTOMOBILE CLUB OF MICHIGAN
150 BAGLEY
DETROIT, MICH. 48226
ATTN: MR. LARRY A. DONOHOE
 
 
 432579              
 
MASCO CORPORATION
21001 VAN BORN ROAD
TAYLOR, MICHIGAN 48180
ATTN: MIGUEL NISTAL
 
 
 432596              
 
B. L. SMOKLER & CO
200 NORTHLAND TOWERS WEST
SOUTHFIELD, MICHIGAN
ATTN:  ACCOUNTS PAYABLE
 
 
 432599              
 
NORTH AMERICAN ROCKWELL
2445 W. MAPLE
TROY, MICHIGAN 48084
ATTN: PURCHASING DEPARTMENT
 
 
 432674              
 
UCC COMPUTER TECHNOLOGY DIV.
P.O. BOX 47911
DALLAS, TEXAS 75247
ATTN: ACCOUNTS PAYABLE
 
 
 432675              
 
GENERAL MOTORS SERVICE RESEARCH
12 MILE & MOUND
WARREN, MICHIGAN 48191
ATTN: W. KOENIG
 
 
 432678              
 
HOOVER BALL BEARING
5400 S. STATE ROAD
ANN ARBOR, MI 48106
ATTN: ACCOUNTS PAYABLE
 
 
 432680              
 
BLUE CROSS
600 E. LAFAYETTE
DETROIT, MICHIGAN 48226
ATTN: COST & BUDGET DEPT.
 
 
 432971              
 
AM GENERAL
2500 E. NINE MILE ROAD
WARREN, MI  48091
ATTN: WILLIAM NYDEM
 
 
 433121              
 
CONSUMERS POWER COMPANY
1935 PARNALL ROAD
JACKSON, MICHIGAN 49201
ATTN: ROBERT CUSHMAN
 
 
 433249              
 
MONROE AUTO
EQUIPMENT COMPANY
MONROE, MICHIGAN 48161
ATTN: ROBERT HEGEL
 
 
 433276              
 
AM GENERAL CORPORATION
32500 VAN BORN ROAD
WAYNE, MICHIGAN 48184
ATTN: MR. ED PURDY
 
 
 433396              
 
EQUILEASE CORPORATION
EXECUTIVE PLAZA
1200 SIXTH AVE.
DETROIT, MICH. 48226
ATTN: MIKE WILLIAMS
 
 
 433398              
 
MICHIGAN BELL TELEPHONE COMPANY
23500 NORTHWESTERN HWY.
SOUTHFIELD, MICHIGAN 48076
ATTN: RICHARD BAYERL
 
 
 433399              
 
FEDERAL MOGUL SERVICE DIV.
26555 NORTHWESTERN HWY.
SOUTHFIELD, MICHIGAN 48075
ATTN: SALES ANALYSIS DEPT.
 
 
 434013              
 
CONSUMERS POWER CO.
1935 PARNELL ROAD
JACKSON, MICH. 49201
ATTN:MR. WALT BURY
 
 
 434067              
 
AM GENERAL
3080 EAST OUTER DRIVE
PO BOX 34868
UNIVERSITY OF SOUTHERN FLORIDA
TAMPA, FLORIDA
ATTN:  ACCOUNTS PAYABLE
 
 
 434110              
 
HAYES ALBION
437 FERN
JACKSON, MI 49202
ATTN: JOHN AMES
 
 
 434114              
 
MICHIGAN MEDICAL SERVICE
600 LAFAYETTE EAST
DETROIT, MI. 48226
ATTN: ACCOUNTS PAYABLE MAIL #163
 
 
 434216              
 
GENERAL MOTORS ENGINEERING STAFF
GM TECHNICAL CENTER
WARREN, MICH. 48090
ATTN: ACCOUNTS PAYABLE
 
 
 434603              
 
UNIVERSITY COMPUTING CENTER
P.O. BOX 58
TROY, MI  48084
ATTN: RICHARD TYLER
 
 
 434604              
 
AM GENERAL
3080 EAST OUTER DRIVE
P.O. BOX 34868
DETROIT, MI. 48234
ATTN: WILLIAM NYDEM
 
 
 434697              
 
ARKLA INDUSTRIES, INC.
P.O. BOX 534
EVANSVILLE, IND. 47701
ATTN: MR. RALPH C. BAIN
 
 
 500738              
 
ARTHUR YOUNG & CO
1 IBM PLAZA
CHICAGO, ILLINOIS - 60603
ATTN:  ACCOUNTS PAYABLE
 
 
 502511              
 
WIGHT CONSULTING ENGINEERS INC.
127 SOUTH NORTHWEST HIGHWAY
BARRINGTON ILLINOIS  60010
ATTN: ACCOUNTS PAYABLE
 
 
 502512              
 
BARBER-GREENE COMPANY
400 N. HIGHLAND AVENUE
AURORA ILLINOIS  60507
ATTN: MR JOE MEHLMANN
 
 
 502519              
 
BEATRICE FOODS CO.
1526 SOUTH STATE STREET
CHICAGO ILLINOIS  60605
ATTN: MR. BOB SCHOLZ
 
 
 502549              
 
R E ANALYSTS
4006 SOUTHWEST 30TH STREET
DES MOINES IOWA  50321
ATTN: STEVE STRYKER
 
 
 503049              
 
ABBOTT LABORATORIES
14TH AND SHERIDAN ROAD
NORTH CHICAGO, ILL.  60064
ATTN: JAMES A. SAILER
 
 
 503721              
 
RAND MCNALLY
PO BOX 7600
CHICAGO, ILLINOIS
ATTN:  ACCOUNTS PAYABLE
 
 
 503725              
 
HASKINS & SELLS
3 FLORIDA COURT
URBANA ILLINOIS  61801
ATTN: DONALD H. SKADDEN
 
 
 503739              
 
S.C. JOHNSON & SON
RACINE
WISCONSIN
ATTN: MR. WILLIAM M. EARLEY
 
 
 504074              
 
NUCLEAR DATA INC.
1600 SOUTH HICKS ROAD
ROLLING MEADOWS ILLINOIS  60008
ATTN: MR. RUSS MOSNY
 
 
 510232              
 
CONSOLIDATED SYSTEMS
13604 MIDWAY ROAD
DALLAS TEXAS  75240
ATTN: TERRY L. PRICKETT
 
 
 510308              
 
ATLANTIC RICHFIELD COMPANY
P.O. BOX 2819
DALLAS TEXAS  75221
ATTN: KELTON PRATHER
 
 
 510320              
 
VARO INC.
2201 WALNUT STREET
GARLAND, TEXAS 75040
ATTN: TIM JOHNSON
 
 
 510380              
 
LIFSON WILSON FERGUSON & WINIK
7616 LBJ FREEWAY SUITE 505
DALLAS TEXAS
ATTN: JACK STONE
 
 
 510549              
 
ARTHUR YOUNG & COMPANY
3800 REPULBIC  BANK TOWER
DALLAS, TEXAS
 
 
 510701              
 
ECC CORPORATION
P.O. BOX 669
EULESS, TEXAS 76039
ATTN: RON ADKISON
 
 
 511590              
 
COMMODITY MANAGEMENT SYSTEMS, INC
8230 MOBERLY DRIVE
DALLAS, TEXAS - 75227
ATTN:  PETER LAUTERBACH
 
 
 511855              
 
TEXAS BANK & TRUST
P.O. BOX 50688
DALLAS TEXAS  75270
ATTN:MR. RONALD K. SANDERSON
 
 
 512006              
 
DRESSER INDUSTRIES INC.
REPUBLIC NATIONAL BANK BUILDING
DALLAS TEXAS  75201
ATTN: ACCOUNTS PAYABLE
 
 
 512226              
 
ARTHUR YOUNG & COMPANY
P.O. BOX 1529
TULSA OKLAHOMA  74101
ATTN: BOB DONKIN
 
 
 512302              
 
REPUBLIC NATIONAL BANK OF TEXAS
PO BOX 5961
DALLAS, TEXAS - 75222
ATTN:  ACCOUNTS PAYABLE
 
 
 512310              
 
LING TEMPCO VOUGHT
P.O. BOX 5554
DALLAS TEXAS
ATTN: ACCOUNTS PAYABLE
 
 
 512317              
 
COOPERS & LYBRAND
FIRST NATIONAL BANK BLDG
SUITE 3300
DALLAS, TEXAS - 75202
ATTN:  K. MUTZEL
 
 
 513025              
 
INTERNATIONAL COMPUTER PRODUCTS
P.O. BOX 34484
DALLAS, TEXAS 75234
ATTN: MR. R. N. MILLER
 
 
 513735              
 
FIRST SECURITY TRUST CO.
2930 TURTLE CREEK PLAZA
SUITE 212
DALLAS, TEXAS 75219
ATTN: ROBERT L. LARSON
 
 
 514227              
 
BALDWIN ELECTRONICS
P.O. BOX 3838
LITTLE ROCK, ARKANSAS 72203
ATTN:  DOUGLAS HAVILLE
 
 
 514643              
 
LIFSON,WILSON,FERGUSON & WINICK
7616 LBJ FREEWAY
SUITE 505
DALLAS, TEXAS 75240
ATTN: JACK STONE
 
 
 520549              
 
ARTHUR YOUNG & COMPANY
4800 ONE SHELL PLAZA
HOUSTON TEXAS  77002
ATTN: BOB SCHULZ
 
 
 520759              
 
SERVICE CORPORATION INTERNATIONAL
P.O. BOX 7806
HOUSTON, TEXAS 77007
ATTN: JERRY PULLINS
 
 
 520827              
 
UNIROYAL MERCHANDISING
P.O. BOX 2145
HOUSTON TEXAS  77001
ATTN:E. V. SWIFT
 
 
 521057              
 
EDUCATION SERVICE CENTER, REGION XIII
6504 TRACOR LANE
AUSTIN, TEXAS - 78721
ATTN:  ACCOUNTS PAYABLE
 
 
 521433              
 
SPERRY RAND
3311 RICHMOND AVE 307
HOUSTON, TEXAS
ATTN:  ACCOUNTS PAYABLE
 
 
 521492              
 
MOORE BUSINESS FORMS, INC.
3930 KIRBY DRIVE
HOUSTON, TEXAS 77006
 
 
 521534              
 
HOUSTON ACADEMY OF MEDICINE
6401 CULLEN STREET
HOUSTON, TEXAS  77025
 
 
 521933              
 
EXXON CHEMICAL COMPANY
(BAYTOWN) P.O. BOX 2180
HOUSTON , TEXAS  77001
ATTN:  M. MCILVOY
 
 
 522211              
 
NASA MANNED SPACECRAFT CENTER
RESOURCES DIVISION BR. 34
HOUSTON TEXAS  77058
ATTN:  EILEEN DUNN
 
 
 522304              
 
DRESSER ATLAS
P.O. BOX 1407
HOUSTON TEXAS  77001
ATTN: PAUL WICHMANN
 
 
 522330              
 
ESSO EASTERN INC.
P.O. BOX 1415
HOUSTON TEXAS  77001
ATTN: J. J. MCCOLE
 
 
 522331              
 
DIGI-TAPE COMPUTERIZED ENGINEERING SERVICE
1316 EVERGLADE DRIVE
PASADENA TEXAS  77502
ATTN: HENRY M. KENDALL
 
 
 522333              
 
SOUTHWEST RESEARCH INSTITUTE
PO BOX 28510
SAN ANTONIO, TEXAS 78284
ATTN: H. GARCIA
 
 
 522341              
 
AMERICAN OVERSEAS PETROLEUM
8811 WESTHEIMER ROAD
SUITE 201
HOUSTON TEXAS  77042
ATTN: MR. MIKE GRAUL
 
 
 523558              
 
COOPERS & LYBRAND
2000 ESPERSON BLDG
HOUSTON, TEXAS - 77002
ATTN:  MR. R. E. GRAICHEN
 
 
 523560              
 
MONSANTO COMPANY
HYDROCARBONS & POLYMERS DIV
PO BOX 711
ALVIN TEXAS 77511
ATTN: MR. GERALD PELTIER
 
 
 523723              
 
MR. VAL GARUTS
7752 HAMMERLY
HOUSTON TEXAS  77055
ATTN: MR. VAL GARUTS
 
 
 524195              
 
GULF MINERAL RESOURCES
1780 S BELLAIRE
DENVER, COLORADO - 80220
ATTN:  ACCOUNTS PAYABLE
 
 
 524290              
 
KIRBY BUILDING SYSTEMS
5806 BISSONET
HOUSTON, TEXAS 77027
ATTN: JACK SMITH
 
 
 524331              
 
MIRA-PAK, INC.
PO BOX 14049
HOUSTON, TEXAS 77021
ATTN: HAROLD G. HIDALGO
 
 
 524776              
 
FISK TELEPHONE SYSTEMS
3102 MILAN STREET
HOUSTON, TEXAS 77006
ATTN: DON MCGULPIN
 
 
 531933              
 
ENJAY CHEMICAL COMPANY
P.O. BOX 4004
BAYTOWN TEXAS  77520
ATTN: CHEMICAL ACCOUNTING
 
 
 532213              
 
INSURED PAYMENTS COMPANY
8561 LONG POINT ROAD
HOUSTON TEXAS  77055
ATTN: FRANK WARE
 
 
 532304              
 
DRESSER ATLAS
PO BOX 1407 
HOUSTON, TEXAS 77001
ATTN:  ACCOUNTS PAYABLE
 
 
 532334              
 
LOCKHEED ELECTRONICS CO.
16811 EL CAMINO REAL
HOUSTON TEXAS 77058
ATTN: MR. J. MCGURR
 
 
 541519              
 
H.B. FOWLER & CO. INC.
P.O. BOX 627
HARVEY, LA. 70058
ATTN: H. REVERSKY
 
 
 541551              
 
VENTURTECH CAPITAL, INC.
5700 FLORIDA BLVD, SUITE 602
BATON ROUGE, LA. 70806
ATTN: W.A. BRUCE
 
 
 541552              
 
EXXON
P.O. BOX 2180
HOUSTON, TEXAS 77001
ATTN: C.M. MCILVOY
 
 
 541553              
 
RADIATION, INC
PO BOX 37
MELBOURNE, FLORIDA - 32901
ATTN:  HAROLD TOPOL
 
 
 541571              
 
BOB HILTON
340 YUMA DR.
INDIAN HARBOUR BEACH,FLA. 32937
 
 
 541573              
 
FOREST OIL CORPORATION
124 HEYMAN BLVD/
PO BOX 51125 OCS
LAFAYETTE, LA - 70501
ATTN:  MR ED VILLARREAL
 
 
 541798              
 
ARTHUR ANDERSON AND CO.
P.O. BOX 435
TAMPA, FLORIDA 33601
ATTN: ALAN BURGESS
 
 
 542540              
 
MONSANTO CORP.
TECHNICAL CENTER
P.O. BOX 1507
PENSACOLA FLORIDA  32502
ATTN: ACCOUNTS PAYABLE
 
 
 542541              
 
FLORIDA POWER CORP
BARTOWN PLANT
P.O. BOX 14042
ST. PETERSBURG FLORIDA  32733
ATTN: MR. G.C. MOORE
 
 
 542542              
 
ALLIED CHEMICAL CORP
P.O. BOX 2830
BATON ROUGE LA.  70821
ATTN: ACCOUNTS PAYABLE
 
 
 542543              
 
SHELL OIL CO.
ONE SHELL SQUARE
P.O. BOX 60124
NEW ORLEANS, LA. 70160
ATTN: ACCOUNTS PAYABLE
 
 
 543555              
 
LOCKHEED
MISSISSIPPI TEST FACILITY
BAY ST. LOUIS MISSISSIPPI  
ATTN: ACCOUNTS PAYABLE
 
 
 543561              
 
HALTER MARINE
19501 CHEF MENTEUR
NEW ORLEANS  LOUISIANNA
ATTN: ROBERT A. GARDEBLED
 
 
 543719              
 
COLOR CORPORATION OF AMERICA
P.O. BOX 3366
TAMPA FLORIDA  33601
ATTN: ACCOUNTS PAYABLE
 
 
 543726              
 
DYER & MOODY INC.
2845 RAY WEILAND DRIVE
BAKER LOUISIANA  70714
ATTN: ACCOUNTS PAYABLE
 
 
 543727              
 
NREB INC.
1228 NBC BUILDING
NEW ORLEANS LOUISIANA  70112
ATTN: ACCOUNTS PAYABLE
 
 
 543728              
 
UNIVERSITY OF SOUTH FLORIDA
CENTRAL RECEIVING
TAMPA, FLORIDA - 33620
ATTN:  ACCOUNTS PAYABLE
 
 
 543736              
 
ALLIED VALVE & SUPPLY
1763 WOODDALE
BATON ROUGE, LA.  70806
ATTN: ACCOUNTS PAYABLE
 
 
 544006              
 
ARTHUR YOUNG & CO
1010 COMMON STREET
NEW ORLEANS, LA - 70112
ATTN:  ACCOUNTS PAYABLE
 
 
 544073              
 
MONSANTO COMPANY
BLDG 723 CHEMSTRAND ROAD
PENSACOLA, FLORIDA
ATTN:  ACCOUNTS PAYABLE
 
 
 544198              
 
PYBURN AND ODOM, INC.
P.O. BOX 267
BATON ROUGE, LA. 70803
 
 
 544245              
 
H. B. FOWLER
PO BOX 627
HARVEY, LOUISIANA
ATTN: ACCOUNTS PAYABLE
 
 
 544338              
 
ALBERT SWITZER & ASSOCIATES, INC.
P.O. BOX 14658
BATON ROUGE, LA. 70808
 
 
 544481              
 
UNIROYAL, INC
PO BOX 73496
BATON ROUGE, LA - 70807
ATTN:  ACCOUNTS PAYABLE
 
 
 544783              
 
MONSANTO COMPANY
BUILDING 723, CHEMSTRAND RD.
PENSACOLA, FLORIDA
 
 
 544914              
 
BELL AEROSPACE COMPANY
PO BOX 29307
MICHOUD STATION, NEW ORLEANS
LOUISIANA
 
 
 545036              
 
SIGNAL PETROLEUM
PO BOX 51206
NEW ORLEANS, LOUISIANA - 70151
ATTN:  JOHN M. MORRISON
 
 
 545096              
 
RONALD A. COCO, INC
PO BOX 73864
BATON ROUGE, LA - 70807
ATTN:  DAVID BURNS
 
 
 563719              
 
COLOR CORPORATION OF AMERICA
OP.O. BOX 3366
TAMPA, FLORIDA 33601
ATTN: ACCOUNTS PAYABLE
 
 
 563728              
 
UNIV. OF SOUTHERN FLORIDA
TAMPA FLORIDA
   33620
ATTN: ACCOUNTS PAYABLE
 
 
 582543              
 
SHELL OIL CO.
ONE SHELL SQUARE
P.O. BOX 60124
NEW ORLEANS, LA. 70160
ATTN: ACCOUNTS PAYABLE
 
 
 601581              
 
MARINE MIDLAND LEASING CORPORATION
1 MARINE MIDLAND CENTER
BUFFALO, NEW YORK - 14203
ATTN:  MR. JOHN KWAITKOWSKI
 
 
 602556              
 
ONEIDA LIMITED
SHERILL,
NEW YORK 13421
ATTN. MR. GORDON MOREAU
 
 
 602563              
 
SYBRON CORP.
1100 MIDTOWN TOWER
ROCHESTER, NEW YORK 14604
ATTN. W.V. CASTLE, JR.
 
 
 602584              
 
M & T BANK
1100 WHERLE DRIVE
AMHERST NEW YORK  14221
ATTN:  MR. PHILLIP HUBER
 
 
 602657              
 
BEECH-NUT INC.
CANAJOHARIE,
NEW YORK 13317
ATTN. MR. R. GRAUDENS
 
 
 602661              
 
THE BABCOCK & WILCOX CO
R & D DIVISION
PO BOX 835
ALLIANCE, OHIO - 44601
ATTN:  ACCOUNTS PAYABLE
 
 
 602663              
 
CONCRETE DELIVERY INC.
7 N. STEELAWANNA AVENUE
LACKAWANNA  NEW YORK  14218
ATTN:  MR. EDWARD WOHLHUETER
 
 
 602667              
 
CARLTON CONTROLS INC.
JAMISON ROAD
EAST AURORA NEW YORK 14052
ATTN:  MR. GEORGE R. ORD
 
 
 602669              
 
ECOLOGY & ENVIRONMENT
195 SUGG ROAD
BUFFALO NEW YORK  14225
ATTN:  MR. FRANK B. SILVESTRO
 
 
 602681              
 
COMPUTER CONSOLES INC.
1257 UNIVERSITY AVE.
ROCHESTER, NEW YORK 14607
ATTN. ACCOUNTS PAYABLE
 
 
 602952              
 
ERNST & ERNST
15 COURT STREET
WESTERN BUILDING
BUFFALO NEW YORK 14202
ATTN:  MR. RALPH ROLL
 
 
 602955              
 
INTERRACTIVE CABLE SYS. INC.
331 ALBERTA DRIVE
BUFFLAO NEW YORK 14226
ATTN: ACCOUNTS PAYABLE
 
 
 602956              
 
C.E. MARTIN CO. INC.
445 DELAWARE AVENUE
BUFFALO NEW YORK
ATTN: ACCOUNTS PAYABLE
 
 
 602957              
 
COM CIR TEK
210 FRENCH ROAD
CHEEKTOWAGA, NEW YORK
ATTN: ACCOUNTS PAYABLE
 
 
 603060              
 
XEROX CORP.
P.O. BOX 301
WEBSTER, NEW YORK  14580
ATTN:  ACCOUNTS PAYABLE
 
 
 603106              
 
NIAGARA MOHAWK POWER CORP
300 ERIE BLVD WEST
SYRACUSE, NEW YORK - 13202
ATTN:  ACCOUNTS PAYABLE
 
 
 603111              
 
ALCAN ALUMINUM CORP.
P.O. BOX 28
OSWEGO, NEW YORK 13126
ATTN. MR. JAMES STEVENS
 
 
 603119              
 
CARYLE COMPRESSOR
DIVISION OF CARRIER CORP.
6500 CHRYSLER DRIVE
SYRACUSE, NEW YORK 13201
ATTN. MR. AL ELLIOT
 
 
 603142              
 
ITEK BUSINESS PRODUCTS
1001 JEFFERSON ROAD
ROCHESTER, NEW YYORK
ATTN:  MR. MIKE MORGAN
 
 
 603146              
 
HOUDAILLE HYDRAULICS
536 EAST DELAVAN AVENUE
BUFFALO NEW YORK  14211
P.O. #67100
ATTN: ACCOUNTS PAYABLE
 
 
 603161              
 
WESTINGHOUSE ELECTRIC COMPANY
4454 GENESEE STREET
BUFFALO, NEW YORK 14225
ATTN: ACCOUNTS PAYABLE
 
 
 603162              
 
ARTHUR ANDERSON & CO.
TWO MAIN STREET EAST
ROCHESTER, NEW YORK 14614
ATTN. MRS. JOHANNA LINK
 
 
 603163              
 
ROCHESTER TELEPHONE CORP.
3441 W. HENRIETTA RD.
ROCHESTER, NEW YORK 14623
ATTN:  MR. G. KOHLS
 
 
 603179              
 
PRINTING INDUSTRIES ASSOC
OF WESTERN NEW YORK
2095 KENSINGTON AVENUE
SNYDER, NEW YORK - 14226
ATTN:  ACCOUNTS PAYABLE
 
 
 603195              
 
ROCHESTER GAS & ELECTRIC
89 EAST AVENUE
ROCHESTER, NEW YORK - 14604
PURCHASING DEPARTMENT
 
 
 603200              
 
GOODYEAR TIRE & RUBBER CO.
5408 BAKER ROAD
NIAGARA FALLS NEW YORK   14304
ATTN:   MR. RONALD ANDREAS
 
 
 603210              
 
XEROX CORPORATION
P.O. BOX 301
WEBSTER, NEW YORK 14580
ATTN. ACCOUNTS PAYABLE
 
 
 603237              
 
GANNETT CORP.
55 EXCHANGE STREET
ROCHESTER, NEW YORK 14614
ATTN. MR. J. JUNKER
 
 
 603241              
 
MR. EUGENE IRR
J.D. ELLIOTT & CO.
3960 HARLEM ROAD
BUFFALO NEW YORK 14226
 
 
 603332              
 
MARINE MIDLAND SERVICES CORP
1 MARINE MIDLAND CENTER
BUFFALO, NEW YORK - 14203
WEST WING - ATTN:  DAVID GWIN
TIMESHARING DEPT
 
 
 603349              
 
NEW YORK TELEPHONE
1 M & T PLAZA
BUFFALO, NEW YORK - 14203
ATTN:  ACCOUNTS PAYABLE
 
 
 603409              
 
AMERICAN CHALLENGER
PO BOX 123
OSWECO, NEW YORK - 13126
ATTN:  ACCOUNTS PAYABLE
 
 
 604121              
 
NEW YORK TELEPHONE
1 M&T PLAZA
BUFFALO, NEW YORK  13203
ATTN:  MR. BEEMAN
 
 
 604268              
 
ROCHESTER HOPITAL SERVICE CORP.
41 CHESTNUT STREET
ROCHESTER, NEW YORK
ATTN: ACCOUNTS PAYABLE
 
 
 604602              
 
STATE UNIVERSITY OF NEW YORK
UPSTATE MEDICAL CENTER
766 IRVING ST.
SYRACUSE, NEW YORK 13210
ATTN: BUSINESS OFFICE
MR. UWE BABROW
 
 
 604727              
 
CHASE ARCHITECTS ASSOC.
201 S. MAIN ST.
NORTH SYRACUSE, NEW YORK 12312
 
 
 604797              
 
HARTHEIMER, BENDER, ESTEY
1 BECKER TERRACE
DELMAR, NEW YORK - 12054
ATTN:  MR. HARTHEIMER
 
 
 604922              
 
COMPUTER INTRODUCTIONS, INC
3967 MAIN STREET
BUFFALO, NEW YORK - 14226
ATTN:  MR. JOHN A. PHILLIPS
 
 
 610001              
 
STATE UNIVERSITY OF NEW YORK
UPSTATE MEDICAL CENTER
750 ADAMS STREET
SYRACUSE, NEW YORK 13210
DEPT OF PEDIATRICS
ATTN DR. HERBERT SCHNEIDERMAN
 
 
 612180              
 
KENTON CORP.
C/O FBC
919 3RD. AVE.
NEW YORK, N.Y.
ATTN. PHIL WATROUS
 
 
 613409              
 
AMERICAN CHALLENGER CORP.
P.O. BOX 123
OSWEGO, NEW YORK 13126
ATTN. ACCOUNTS PAYABLE
 
 
 614268              
 
ROCHESTER HOSPITAL SERVICE CORP
41 CHESTNUT STREET
ROCHESTER, NY
ATTN: ACCOUNTS PAYABLE
 
 
 622674              
 
UCC COMPUTER TECHNOLOGY
P.O. BOX 47911
DALLAS, TEXAS 75247
 
 
 622680              
 
BLUE CROSS
600 E. LAFAYETTE
DETROIT, MICHIGAN
ATTN:  ACCOUNTS PAYABLE
 
 
 640236              
 
EXECUTIVE OFFICE OF THE PRESIDENT
OFFICE OF MGMT & BUDGET FISCAL SECTION
RM 403 EXECUTIVE OFFICE BLDG
WASHINGTON DC 20503
 
 
 640557              
 
PACIFIC INTERNATIONAL COMPUTING CORPORATION
15740 SHADY GROVE ROAD
P.O. BOX 176
GAITHERSBURG MARYLAND 20760
ATTN: ACCOUNTS PAYABLE
 
 
 640558              
 
DHEW-PUBLIC HEALTH SERVICE
NATIONAL INSTITUTE OF HEALTH
NATIONAL LIBRARY OF MEDICINE
8600 ROCKVILLE PIKE
BETHESDA, MARYLAND - 20014
 
 
 640739              
 
WATKINS JOHNSON COMPANY
6006 EXECUTIVE BLVD
ROCKVILLE, MARYLAND - 20852
ATTN:  ACCOUNTS PAYABLE
 
 
 640869              
 
NAVAL RESEARCH LABORATORY
4555 OVERLOOK AVE S W
WASHINGTON DC 20390
ATTN: AB BLIGH SCIENTIFIC OFFICER
 
 
 640875              
 
ARMY CORPS OF ENGINEERS
HQDA
(DAEN-DSA)
WASHINGTON DC 20134
ATTN: MR RAY SCHUPP  V4 CIVIL WORKS
 
 
 641305              
 
U.S. DEPARTMENT OF LABOR
MANPOWER ADMINISTRATION
ROOM 200 - VANGUARD BLDG.
1111 - 20TH STREET, N.W.
WASHINGTON, D.C. 20210
 
 
 641488              
 
U.S. DEPARTMENT OF LABOR
ACCOUNTS AND PAYROLL SERVICES
ROOM 203, RAILWAY LABOR BLDG.
400 1ST. ST., N.W.
WASHINGTON, D.C. 20212
 
 
 641535              
 
L.E. BEUG CO.
11707 KAREN DRIVE
POTOMAC, MD.  20854
 
 
 641546              
 
WESTERN UNION PUBLIC SERVICES GROUP
7916 W. PARK DR.
MCLEAN, VA  22101
ATTN:  MR. R. YALIN
 
 
 641576              
 
HARRY DIAMOND LABS
 
 
 641578              
 
DEPARTMENT OF TRANSPORTATION
FEDERAL AVIATION ADMINISTRATION
800 INDEPENDENCE AVE
WASHINGTON DC 20591
ATTN: ACCOUNTS PAYABLE BR HQ-220
 
 
 641662              
 
NATIONAL BUREAU OF STANDARDS
ATTN: ACCOUNTING DIVISION
WASHINGTON,D.C. 20234
 
 
 641738              
 
INSTITUTE FOR DEFENSE ANALYSIS
400 ARMY NAVY DRIVE
ARLINGTON VA
ATTN: ACCOUNTS PAYABLE
 
 
 641762              
 
ADMINISTRATIVE SCIENCES CORP.
4660 KENMORE  SUITE 304
ALEXANDRIA, VA. 22304
ATTN: MR. HENRY ESKEW
 
 
 641766              
 
VETERANS ADMINISTRATION
810 VERMONT AVENUE
ACCOUNTS PAYABLE
WASHINGTON D.C. 20420
 
 
 641787              
 
FEDERAL HOME LOAN BANK BOARD
COMPTROLLER DIVISION
101 INDIANA AVE N W
WASHINTON D C 20552
 
 
 641924              
 
AMERICAN MACHINE & FOUNDRY
1025 N. ROYAL STREET
ALEXANDRIA, VIRGINIA
ATTENTION: ACCOUNTS RECEIVEABLE
 
 
 642359              
 
HARRY DIAMOND LABS
CONN. & VAN NESS ST.
WASHINGTON, D.C.20433
ATTN: FINANCE AND ACCOUNTING
 
 
 642367              
 
C & P TELEPHONE CO.
200 N. GELEBE RD.
ARLINGTON, VA.  22206
ATTN:  TRAFFIC SUPERVISOR
 
 
 642371              
 
SOCIAL SECURITY ADMINISTRATION
DEPARTMENT OF HEALTH EDUCATION & WELFARE
6301 SECURITY BLVD
BALTIMORE MARYLAND
ATTN: PO #0413-73-1402
 
 
 642373              
 
THE COUNCIL FOR EXCEPTIONAL CHILDREN
LOCKHEED MISSLES & SPACE DIVISION
DEPARTMENT 25-S1
NLFH 150
SUNNYVALE CALIF 94088
ATTN: ACCOUNTS PAYABLE
 
 
 642378              
 
U.S. DEPARTMENT OF COMMERCE
CENTRAL ACCOUNTING DIVISION-RM 6830
14TH ST & CONSTITUTION AVE NW
WASH DC 20230
 
 
 642392              
 
C & P TELEPHONE CO.
1321 BALTIMORE GAS & ELECTRIC
BUILDING.
BALTIMORE, MARYLAND
 
 
 642395              
 
C & P TELEPHONE
200 N GLEBE ROAD
ARLINGTON, VIRGINIA
ATTN:  JOE SEARS
 
 
 642397              
 
LARWIN INC.
905 SILVER SPRING AVE.
SILVER SPRING, MARYLAND
ATTN ACCOUNTS PAYABLE
 
 
 642961              
 
NATIONAL INSTITUTES OF HEALTH
CLAIMS REVIEW SECTION
BLDG. 31, ROOM BIB30
BETHESDA, MARYLAND
 
 
 642964              
 
DEPARTMENT OF INTERIOR
BUREAU OF RECLAMATION
19TH AND C STREETS, N.W.
WASHINGTON, D.C. 20240
ATTN: CODE 370
 
 
 642965              
 
ASTRO COMMUNICATIONS
9125 GAITHER ROAD
GAITHERSBURG, MARYLAND 20760
ATTN: ACCOUNTS PAYABLE
 
 
 642969              
 
U.S. DEPARTMENT OF LABOR
ACCOUNTS AND PAYROLL SERVICES
ROOM 203, RAILWAY LABOR BLDG.
400 1ST. ST. N.W.
WASHINGTON, D.C. 20212
 
 
 642982              
 
NATIONAL DRUG ABRUSE TRAINING CENTER
1638 KALMIA RD. NW
WASHINGTON D.C.,20012
ATTN: JOSEPH A VIGNONE
 
 
 642984              
 
SYSTEMS DEVELOPMENT CORP.
5827 COLUMBIA PIKE
FALLS CHURCH, VA. 22041
 
 
 644232              
 
WESTERN UNION
7916 WESTPARK DRIVE
MCLEAN, VIRGINIA - 22101
ATTN:  RICH YOLEN
 
 
 644596              
 
FEDERAL AVIATION ADMINISTRATION
GREAT LAKES REGION AGL-420
2300 E. DEVON AVE.
DES PLAINES, ILL.  60018
ATTN:  ACCOUNTS PAYABLE
 
 
 644597              
 
WESTINGHOUSE ELECTRIC CORP.
OCEAN RESEARCH  &  ENGINEERING
P.O. BOX 2237
BALTIMORE, MD.  21203
ATTN: ACCTS. PAYABLE
 
 
 644598              
 
DEPARTMENT OF TRANSPORTATION
FEDERAL AVIATION ADMINISTRATION
ACCOUNTS PAYABLE BRANCH HQ-220
WASHINGTON D.C.  20591
 
 
 644599              
 
WESTINGHOUSE ELECTRIC CORP
OR & EC
MAILSTOP 90 MR TOM PRISCILLA
BAY BRIDGE
ANNAPOLIS, MARYLAND
 
 
 644600              
 
DEPT. OF TRANSPORTATION
COST ACCOUNTING OPERATIONS DIV. TAD-45
400 7TH ST. SW RM 2228
WASHINGTON D.C.  20590
 
 
 644601              
 
ARMY CORPS OF ENGINEERS
HQDA   (DAEN-DSA)
FORRESTAL BUILDING
WASHINGTON D.C.  20134
ATTN:  MR. RAY SCHUPP V3 MILITARY CONST
 
 
 653420              
 
GULF OIL CORPORATION
GULF BUILDING
PITTSBURG PENNSYLVANIA 15230
ATTN:  ACCOUNTS PAYABLE
 
 
 670615              
 
PHILADELPHIA NATIONAL BANK
EQUIPMENT LEASING DEPARTMENT
BROAD & CHESTNUT STREETS
PHILADELPHIA PENNSYLVANIA 19101
ATTN: ACCOUNTS PAYABLE
 
 
 672470              
 
I.T.E. IMPERIAL INC.
1900 HAMILTON AVENUE
PHILADELPHIA PENNSYLVANIA  19030
ATTN: ACCOUNTS PAYABLE
 
 
 672531              
 
AMERICAN MEDICORP
800 BARCLAY BUILDING
BALA CYNWYD PENNSYLVANIA 19004
 
 
 672547              
 
SIMULATED ENVIRONMENTS
3401 MARKET STREET
PHILADELPHIA PENNSYLVANIA 19104
ATTN:MR. STEVE KATZ
 
 
 673833              
 
THE FRANKLIN MINT
FRANKLIN CENTER PENNSYLVANIA
ATTN: MR. ROBERT SMITH
 
 
 674098              
 
AFTER SIX CORPORATION
2137 MARKET STREET
PHILADELPHIA, PENNSYLVANIA 19103
ATTN: STEPHEN BRODER
 
 
 680558              
 
DHEW-PUBLIC HEALTH SERVICE
NAT'L INSTITUTES OF HEALTH
NAT'L LIBRARY OF MEDICINE
8600 ROCKVILLE PIKE
BETHESDA MARYLAND 20014
 
 
 681748              
 
WESTINGHOUSE ELECTRIC CORPORATION
INFORMATION PROCESSING DEPARTMENT
PO BOX 1693
BALTIMORE MARYLAND 21203
ATTN: W S PEASE
 
 
 682360              
 
PAYNE, INC
2200 SUMMERVILLE ROAD
ANNAPOLIS, MARYLAND - 21401
ATTN:  ACCOUNTS PAYABLE
 
 
 682371              
 
SOCIAL SECURITY ADMINISTRATION
DEPT OF HEALTH EDUCATION & WELFARE
6301 SECURITY BLVD
BALTIMORE, MARYLAND
ATTN:  PO #0413-73-1402
 
 
 682392              
 
C & P TELEPHONE CO.
201 N. CHARLES  RM 701
ARLINGTON FEDERAL BLDG.
BALTIMORE, MD.  21201
ATTN: ACCOUNTS PAYABLE
 
 
 684597              
 
WESTINGHOUSE ELECTRIC CORP
OCEAN RESEARCH & ENGINEERING
PO BOX 2237
BALTIMORE, MARYLAND - 21203
ATTN:  ACCOUNTS PAYABLE
 
 
 684599              
 
WESTINGHOUSE ELECTRIC CORP
OR & EC
MAILSTOP 90 - MR TOM PRISCILLA
BAY BRIDGE
ANNAPOLIS, MARYLAND
 
 
 684645              
 
BLACK & DECKER MFG CO
701 E JOPPA ROAD
TOWSON, MARYLAND - 21204
ATTN:  ARNOLD BRASHEARS
 
 
 904038              
 
OHIO STATE UNIVERSITY
A033 STARLING - LOVING HALL
320 W 10TH AVE
COLUMBUS, OHIO
 
 
 980363              
 
TELMAR COMMUNICATIONS CORP.
90 PARK AVE.
NEW YORK, NEW YORK 10016
ATTN: ACCOUNTS PAYABLE
 
 
 991563              
 
TEL-TEX
3270 BRANARD
HOUSTON, TEXAS 77006
ATTN: SAL MENCHACA
    Sp{O